Node.js version v25.1.0 detected.
Prior to version 27, odd numbered Node.js versions will not enter LTS status and should not be used for production. For more information, please see https://nodejs.org/en/about/previous-releases/.
[33m▲ [43;33m[[43;30mWARNING[43;33m][0m [1mNG8113: All imports are unused[0m [1m[35m[plugin angular-compiler][0m

    src/app/app.ts:6:2:
[37m      6 │   [32mimports[37m: [RouterOutlet],
        ╵   [32m~~~~~~~[0m


[31mX [41;31m[[41;97mERROR[41;31m][0m [1mNG5002: Opening tag "ro" not terminated.[0m [1m[35m[plugin angular-compiler][0m

    src/app/app.html:0:0:
[37m      0 │ [32m[37m
        ╵ [32m^[0m

  Error occurs in the template of component App.

    src/app/app.ts:7:15:
[37m      7 │   templateUrl: [32m'./app.html'[37m,
        ╵                [32m~~~~~~~~~~~~[0m


[33m▲ [43;33m[[43;30mWARNING[43;33m][0m [1mNG8113: All imports are unused[0m [1m[35m[plugin angular-compiler][0m

    src/app/app.ts:6:2:
[37m      6 │   [32mimports[37m: [RouterOutlet],
        ╵   [32m~~~~~~~[0m


[31mX [41;31m[[41;97mERROR[41;31m][0m [1mNG5002: Opening tag "router" not terminated.[0m [1m[35m[plugin angular-compiler][0m

    src/app/app.html:0:0:
[37m      0 │ [32m[37m
        ╵ [32m^[0m

  Error occurs in the template of component App.

    src/app/app.ts:7:15:
[37m      7 │   templateUrl: [32m'./app.html'[37m,
        ╵                [32m~~~~~~~~~~~~[0m


[33m▲ [43;33m[[43;30mWARNING[43;33m][0m [1mNG8113: All imports are unused[0m [1m[35m[plugin angular-compiler][0m

    src/app/app.ts:6:2:
[37m      6 │   [32mimports[37m: [RouterOutlet],
        ╵   [32m~~~~~~~[0m


[31mX [41;31m[[41;97mERROR[41;31m][0m [1mNG5002: Opening tag "router-oulet" not terminated.[0m [1m[35m[plugin angular-compiler][0m

    src/app/app.html:0:0:
[37m      0 │ [32m[37m
        ╵ [32m^[0m

  Error occurs in the template of component App.

    src/app/app.ts:7:15:
[37m      7 │   templateUrl: [32m'./app.html'[37m,
        ╵                [32m~~~~~~~~~~~~[0m


[31mX [41;31m[[41;97mERROR[41;31m][0m [1mNG8001: 'router-oulet' is not a known element:
1. If 'router-oulet' is an Angular component, then verify that it is included in the '@Component.imports' of this component.
2. If 'router-oulet' is a Web Component then add 'CUSTOM_ELEMENTS_SCHEMA' to the '@Component.schemas' of this component to suppress this message.[0m [1m[35m[plugin angular-compiler][0m

    src/app/app.html:0:0:
[37m      0 │ [32m[37m
        ╵ [32m^[0m

  Error occurs in the template of component App.

    src/app/app.ts:7:15:
[37m      7 │   templateUrl: [32m'./app.html'[37m,
        ╵                [32m~~~~~~~~~~~~[0m


[31mX [41;31m[[41;97mERROR[41;31m][0m [1mNG8001: 'router-oulet' is not a known element:
1. If 'router-oulet' is an Angular component, then verify that it is included in the '@Component.imports' of this component.
2. If 'router-oulet' is a Web Component then add 'CUSTOM_ELEMENTS_SCHEMA' to the '@Component.schemas' of this component to suppress this message.[0m [1m[35m[plugin angular-compiler][0m

    src/app/app.html:0:0:
[37m      0 │ [32m[37m
        ╵ [32m^[0m

  Error occurs in the template of component App.

    src/app/app.ts:7:15:
[37m      7 │   templateUrl: [32m'./app.html'[37m,
        ╵                [32m~~~~~~~~~~~~[0m


[33m▲ [43;33m[[43;30mWARNING[43;33m][0m [1mNG8113: All imports are unused[0m [1m[35m[plugin angular-compiler][0m

    src/app/app.ts:6:2:
[37m      6 │   [32mimports[37m: [RouterOutlet],
        ╵   [32m~~~~~~~[0m


[31mX [41;31m[[41;97mERROR[41;31m][0m [1mNG5002: Unexpected closing tag "router-oulet". It may happen when the tag has already been closed by another tag. For more info see https://www.w3.org/TR/html5/syntax.html#closing-elements-that-have-implied-end-tags[0m [1m[35m[plugin angular-compiler][0m

    src/app/app.html:1:2:
[37m      1 │   [32m</router-oulet>[37m<router-outlet />
        ╵   [32m~~~~~~~~~~~~~~~[0m

  Error occurs in the template of component App.

    src/app/app.ts:7:15:
[37m      7 │   templateUrl: [32m'./app.html'[37m,
        ╵                [32m~~~~~~~~~~~~[0m


[33m▲ [43;33m[[43;30mWARNING[43;33m][0m [1mNG8113: All imports are unused[0m [1m[35m[plugin angular-compiler][0m

    src/app/app.ts:6:2:
[37m      6 │   [32mimports[37m: [RouterOutlet],
        ╵   [32m~~~~~~~[0m


[31mX [41;31m[[41;97mERROR[41;31m][0m [1mNG5002: Unexpected closing tag "router-oulet". It may happen when the tag has already been closed by another tag. For more info see https://www.w3.org/TR/html5/syntax.html#closing-elements-that-have-implied-end-tags[0m [1m[35m[plugin angular-compiler][0m

    src/app/app.html:0:0:
[37m      0 │ [32m[37m
        ╵ [32m^[0m

  Error occurs in the template of component App.

    src/app/app.ts:7:15:
[37m      7 │   templateUrl: [32m'./app.html'[37m,
        ╵                [32m~~~~~~~~~~~~[0m


[33m▲ [43;33m[[43;30mWARNING[43;33m][0m [1mNG8113: All imports are unused[0m [1m[35m[plugin angular-compiler][0m

    src/app/app.ts:6:2:
[37m      6 │   [32mimports[37m: [RouterOutlet],
        ╵   [32m~~~~~~~[0m


[31mX [41;31m[[41;97mERROR[41;31m][0m [1mNG5002: Unexpected closing tag "router-oulet". It may happen when the tag has already been closed by another tag. For more info see https://www.w3.org/TR/html5/syntax.html#closing-elements-that-have-implied-end-tags[0m [1m[35m[plugin angular-compiler][0m

    src/app/app.html:0:0:
[37m      0 │ [32m[37m
        ╵ [32m^[0m

  Error occurs in the template of component App.

    src/app/app.ts:7:15:
[37m      7 │   templateUrl: [32m'./app.html'[37m,
        ╵                [32m~~~~~~~~~~~~[0m


[33m▲ [43;33m[[43;30mWARNING[43;33m][0m [1mNG8113: All imports are unused[0m [1m[35m[plugin angular-compiler][0m

    src/app/app.ts:6:2:
[37m      6 │   [32mimports[37m: [RouterOutlet],
        ╵   [32m~~~~~~~[0m


[31mX [41;31m[[41;97mERROR[41;31m][0m [1mNG5002: Unexpected closing tag "router-oulet". It may happen when the tag has already been closed by another tag. For more info see https://www.w3.org/TR/html5/syntax.html#closing-elements-that-have-implied-end-tags[0m [1m[35m[plugin angular-compiler][0m

    src/app/app.html:0:0:
[37m      0 │ [32m[37m
        ╵ [32m^[0m

  Error occurs in the template of component App.

    src/app/app.ts:7:15:
[37m      7 │   templateUrl: [32m'./app.html'[37m,
        ╵                [32m~~~~~~~~~~~~[0m


[33m▲ [43;33m[[43;30mWARNING[43;33m][0m [1mNG8113: All imports are unused[0m [1m[35m[plugin angular-compiler][0m

    src/app/app.ts:6:2:
[37m      6 │   [32mimports[37m: [RouterOutlet],
        ╵   [32m~~~~~~~[0m


[31mX [41;31m[[41;97mERROR[41;31m][0m [1mNG5002: Unexpected closing tag "router-oulet". It may happen when the tag has already been closed by another tag. For more info see https://www.w3.org/TR/html5/syntax.html#closing-elements-that-have-implied-end-tags[0m [1m[35m[plugin angular-compiler][0m

    src/app/app.html:0:0:
[37m      0 │ [32m[37m
        ╵ [32m^[0m

  Error occurs in the template of component App.

    src/app/app.ts:7:15:
[37m      7 │   templateUrl: [32m'./app.html'[37m,
        ╵                [32m~~~~~~~~~~~~[0m


[33m▲ [43;33m[[43;30mWARNING[43;33m][0m [1mNG8113: All imports are unused[0m [1m[35m[plugin angular-compiler][0m

    src/app/app.ts:6:2:
[37m      6 │   [32mimports[37m: [RouterOutlet],
        ╵   [32m~~~~~~~[0m


[31mX [41;31m[[41;97mERROR[41;31m][0m [1mNG5002: Unexpected closing tag "router-oulet". It may happen when the tag has already been closed by another tag. For more info see https://www.w3.org/TR/html5/syntax.html#closing-elements-that-have-implied-end-tags[0m [1m[35m[plugin angular-compiler][0m

    src/app/app.html:0:0:
[37m      0 │ [32m[37m
        ╵ [32m^[0m

  Error occurs in the template of component App.

    src/app/app.ts:7:15:
[37m      7 │   templateUrl: [32m'./app.html'[37m,
        ╵                [32m~~~~~~~~~~~~[0m


[31mX [41;31m[[41;97mERROR[41;31m][0m [1mTS7008: Member 'tittl' implicitly has an 'any' type.[0m [1m[35m[plugin angular-compiler][0m

    src/app/shared/components/message-box/message-box.ts:10:2:
[37m      10 │   [32mtittl[37m
         ╵   [32m~~~~~[0m


[33m▲ [43;33m[[43;30mWARNING[43;33m][0m [1mNG8113: All imports are unused[0m [1m[35m[plugin angular-compiler][0m

    src/app/app.ts:6:2:
[37m      6 │   [32mimports[37m: [RouterOutlet],
        ╵   [32m~~~~~~~[0m


[31mX [41;31m[[41;97mERROR[41;31m][0m [1mNG5002: Unexpected closing tag "router-oulet". It may happen when the tag has already been closed by another tag. For more info see https://www.w3.org/TR/html5/syntax.html#closing-elements-that-have-implied-end-tags[0m [1m[35m[plugin angular-compiler][0m

    src/app/app.html:0:0:
[37m      0 │ [32m[37m
        ╵ [32m^[0m

  Error occurs in the template of component App.

    src/app/app.ts:7:15:
[37m      7 │   templateUrl: [32m'./app.html'[37m,
        ╵                [32m~~~~~~~~~~~~[0m


[31mX [41;31m[[41;97mERROR[41;31m][0m [1mTS1434: Unexpected keyword or identifier.[0m [1m[35m[plugin angular-compiler][0m

    src/app/shared/components/message-box/message-box.ts:10:2:
[37m      10 │   [32mtittle[37m-input('confirmar accion');
         ╵   [32m~~~~~~[0m


[31mX [41;31m[[41;97mERROR[41;31m][0m [1mTS7008: Member 'tittle' implicitly has an 'any' type.[0m [1m[35m[plugin angular-compiler][0m

    src/app/shared/components/message-box/message-box.ts:10:2:
[37m      10 │   [32mtittle[37m-input('confirmar accion');
         ╵   [32m~~~~~~[0m


[31mX [41;31m[[41;97mERROR[41;31m][0m [1mTS1068: Unexpected token. A constructor, method, accessor, or property was expected.[0m [1m[35m[plugin angular-compiler][0m

    src/app/shared/components/message-box/message-box.ts:10:8:
[37m      10 │   tittle[32m-[37minput('confirmar accion');
         ╵         [32m^[0m


[31mX [41;31m[[41;97mERROR[41;31m][0m [1mTS2552: Cannot find name 'input'. Did you mean 'oninput'?[0m [1m[35m[plugin angular-compiler][0m

    src/app/shared/components/message-box/message-box.ts:10:9:
[37m      10 │   tittle-[32minput[37m('confirmar accion');
         ╵          [32m~~~~~[0m

  'oninput' is declared here.

    node_modules/typescript/lib/lib.dom.d.ts:43888:12:
[37m      43888 │ declare var [32moninput[37m: ((this: Window, ev: InputEvent) => any) | ...
            ╵             [32m~~~~~~~[0m


[31mX [41;31m[[41;97mERROR[41;31m][0m [1mTS2552: Cannot find name 'message'. Did you mean 'onmessage'?[0m [1m[35m[plugin angular-compiler][0m

    src/app/shared/components/message-box/message-box.ts:11:0:
[37m      11 │ [32mmessage[37m-input ('¿Estas seguro de realizar esta accion?"); confirm...
         ╵ [32m~~~~~~~[0m

  'onmessage' is declared here.

    node_modules/typescript/lib/lib.dom.d.ts:44052:12:
[37m      44052 │ declare var [32monmessage[37m: ((this: Window, ev: MessageEvent) => any...
            ╵             [32m~~~~~~~~~[0m


[31mX [41;31m[[41;97mERROR[41;31m][0m [1mTS2552: Cannot find name 'input'. Did you mean 'oninput'?[0m [1m[35m[plugin angular-compiler][0m

    src/app/shared/components/message-box/message-box.ts:11:8:
[37m      11 │ message-[32minput[37m ('¿Estas seguro de realizar esta accion?"); confirm...
         ╵         [32m~~~~~[0m

  'oninput' is declared here.

    node_modules/typescript/lib/lib.dom.d.ts:43888:12:
[37m      43888 │ declare var [32moninput[37m: ((this: Window, ev: InputEvent) => any) | ...
            ╵             [32m~~~~~~~[0m


[31mX [41;31m[[41;97mERROR[41;31m][0m [1mTS1005: ',' expected.[0m [1m[35m[plugin angular-compiler][0m

    src/app/shared/components/message-box/message-box.ts:11:109:
[37m      11 │ ..."); confirmtext-input ("Confirmar"); canceltext-input([32m'Cancela[37mr");
         ╵                                                          [32m~~~~~~~~[0m


[31mX [41;31m[[41;97mERROR[41;31m][0m [1mTS2304: Cannot find name 'Cancelar'.[0m [1m[35m[plugin angular-compiler][0m

    src/app/shared/components/message-box/message-box.ts:11:109:
[37m      11 │ ..."); confirmtext-input ("Confirmar"); canceltext-input([32m'Cancela[37mr");
         ╵                                                          [32m~~~~~~~~[0m


[31mX [41;31m[[41;97mERROR[41;31m][0m [1mTS1005: ',' expected.[0m [1m[35m[plugin angular-compiler][0m

    src/app/shared/components/message-box/message-box.ts:11:117:
[37m      11 │ ..."); confirmtext-input ("Confirmar"); canceltext-input('Cancela[32mr")[37m;
         ╵                                                                  [32m~~~[0m


[31mX [41;31m[[41;97mERROR[41;31m][0m [1mTS1002: Unterminated string literal.[0m [1m[35m[plugin angular-compiler][0m

    src/app/shared/components/message-box/message-box.ts:11:120:
[37m      11 │ ..."); confirmtext-input ("Confirmar"); canceltext-input('Cancelar")[32m[37m;
         ╵                                                                     [32m^[0m


[31mX [41;31m[[41;97mERROR[41;31m][0m [1mTS1005: ',' expected.[0m [1m[35m[plugin angular-compiler][0m

    src/app/shared/components/message-box/message-box.ts:12:0:
[37m      12 │ [32mconfirm[37m-output<void>(); cancelar-output<void>();
         ╵ [32m~~~~~~~[0m


[31mX [41;31m[[41;97mERROR[41;31m][0m [1mTS2362: The left-hand side of an arithmetic operation must be of type 'any', 'number', 'bigint' or an enum type.[0m [1m[35m[plugin angular-compiler][0m

    src/app/shared/components/message-box/message-box.ts:12:0:
[37m      12 │ [32mconfirm[37m-output<void>(); cancelar-output<void>();
         ╵ [32m~~~~~~~[0m


[31mX [41;31m[[41;97mERROR[41;31m][0m [1mTS2304: Cannot find name 'output'.[0m [1m[35m[plugin angular-compiler][0m

    src/app/shared/components/message-box/message-box.ts:12:8:
[37m      12 │ confirm-[32moutput[37m<void>(); cancelar-output<void>();
         ╵         [32m~~~~~~[0m


[31mX [41;31m[[41;97mERROR[41;31m][0m [1mTS1005: ')' expected.[0m [1m[35m[plugin angular-compiler][0m

    src/app/shared/components/message-box/message-box.ts:12:22:
[37m      12 │ confirm-output<void>()[32m;[37m cancelar-output<void>();
         ╵                       [32m^[0m


[31mX [41;31m[[41;97mERROR[41;31m][0m [1mTS2304: Cannot find name 'cancelar'.[0m [1m[35m[plugin angular-compiler][0m

    src/app/shared/components/message-box/message-box.ts:12:24:
[37m      12 │ confirm-output<void>(); [32mcancelar[37m-output<void>();
         ╵                         [32m~~~~~~~~[0m


[31mX [41;31m[[41;97mERROR[41;31m][0m [1mTS2304: Cannot find name 'output'.[0m [1m[35m[plugin angular-compiler][0m

    src/app/shared/components/message-box/message-box.ts:12:33:
[37m      12 │ confirm-output<void>(); cancelar-[32moutput[37m<void>();
         ╵                                  [32m~~~~~~[0m


[31mX [41;31m[[41;97mERROR[41;31m][0m [1mTS1128: Declaration or statement expected.[0m [1m[35m[plugin angular-compiler][0m

    src/app/shared/components/message-box/message-box.ts:14:0:
[37m      14 │ [32m}[37m
         ╵ [32m^[0m


[33m▲ [43;33m[[43;30mWARNING[43;33m][0m [1mNG8113: All imports are unused[0m [1m[35m[plugin angular-compiler][0m

    src/app/app.ts:6:2:
[37m      6 │   [32mimports[37m: [RouterOutlet],
        ╵   [32m~~~~~~~[0m


[31mX [41;31m[[41;97mERROR[41;31m][0m [1mNG5002: Unexpected closing tag "router-oulet". It may happen when the tag has already been closed by another tag. For more info see https://www.w3.org/TR/html5/syntax.html#closing-elements-that-have-implied-end-tags[0m [1m[35m[plugin angular-compiler][0m

    src/app/app.html:0:0:
[37m      0 │ [32m[37m
        ╵ [32m^[0m

  Error occurs in the template of component App.

    src/app/app.ts:7:15:
[37m      7 │   templateUrl: [32m'./app.html'[37m,
        ╵                [32m~~~~~~~~~~~~[0m


[31mX [41;31m[[41;97mERROR[41;31m][0m [1mTS1434: Unexpected keyword or identifier.[0m [1m[35m[plugin angular-compiler][0m

    src/app/shared/components/message-box/message-box.ts:10:2:
[37m      10 │   [32mtittle[37m-input('confirmar accion');
         ╵   [32m~~~~~~[0m


[31mX [41;31m[[41;97mERROR[41;31m][0m [1mTS7008: Member 'tittle' implicitly has an 'any' type.[0m [1m[35m[plugin angular-compiler][0m

    src/app/shared/components/message-box/message-box.ts:10:2:
[37m      10 │   [32mtittle[37m-input('confirmar accion');
         ╵   [32m~~~~~~[0m


[31mX [41;31m[[41;97mERROR[41;31m][0m [1mTS1068: Unexpected token. A constructor, method, accessor, or property was expected.[0m [1m[35m[plugin angular-compiler][0m

    src/app/shared/components/message-box/message-box.ts:10:8:
[37m      10 │   tittle[32m-[37minput('confirmar accion');
         ╵         [32m^[0m


[31mX [41;31m[[41;97mERROR[41;31m][0m [1mTS2552: Cannot find name 'input'. Did you mean 'oninput'?[0m [1m[35m[plugin angular-compiler][0m

    src/app/shared/components/message-box/message-box.ts:10:9:
[37m      10 │   tittle-[32minput[37m('confirmar accion');
         ╵          [32m~~~~~[0m

  'oninput' is declared here.

    node_modules/typescript/lib/lib.dom.d.ts:43888:12:
[37m      43888 │ declare var [32moninput[37m: ((this: Window, ev: InputEvent) => any) | ...
            ╵             [32m~~~~~~~[0m


[31mX [41;31m[[41;97mERROR[41;31m][0m [1mTS2552: Cannot find name 'message'. Did you mean 'onmessage'?[0m [1m[35m[plugin angular-compiler][0m

    src/app/shared/components/message-box/message-box.ts:11:0:
[37m      11 │ [32mmessage[37m-input ('¿Estas seguro de realizar esta accion?"); confirm...
         ╵ [32m~~~~~~~[0m

  'onmessage' is declared here.

    node_modules/typescript/lib/lib.dom.d.ts:44052:12:
[37m      44052 │ declare var [32monmessage[37m: ((this: Window, ev: MessageEvent) => any...
            ╵             [32m~~~~~~~~~[0m


[31mX [41;31m[[41;97mERROR[41;31m][0m [1mTS2552: Cannot find name 'input'. Did you mean 'oninput'?[0m [1m[35m[plugin angular-compiler][0m

    src/app/shared/components/message-box/message-box.ts:11:8:
[37m      11 │ message-[32minput[37m ('¿Estas seguro de realizar esta accion?"); confirm...
         ╵         [32m~~~~~[0m

  'oninput' is declared here.

    node_modules/typescript/lib/lib.dom.d.ts:43888:12:
[37m      43888 │ declare var [32moninput[37m: ((this: Window, ev: InputEvent) => any) | ...
            ╵             [32m~~~~~~~[0m


[31mX [41;31m[[41;97mERROR[41;31m][0m [1mTS1005: ',' expected.[0m [1m[35m[plugin angular-compiler][0m

    src/app/shared/components/message-box/message-box.ts:11:109:
[37m      11 │ ..."); confirmtext-input ("Confirmar"); canceltext-input([32m'Cancela[37mr");
         ╵                                                          [32m~~~~~~~~[0m


[31mX [41;31m[[41;97mERROR[41;31m][0m [1mTS2304: Cannot find name 'Cancelar'.[0m [1m[35m[plugin angular-compiler][0m

    src/app/shared/components/message-box/message-box.ts:11:109:
[37m      11 │ ..."); confirmtext-input ("Confirmar"); canceltext-input([32m'Cancela[37mr");
         ╵                                                          [32m~~~~~~~~[0m


[31mX [41;31m[[41;97mERROR[41;31m][0m [1mTS1005: ',' expected.[0m [1m[35m[plugin angular-compiler][0m

    src/app/shared/components/message-box/message-box.ts:11:117:
[37m      11 │ ..."); confirmtext-input ("Confirmar"); canceltext-input('Cancela[32mr")[37m;
         ╵                                                                  [32m~~~[0m


[31mX [41;31m[[41;97mERROR[41;31m][0m [1mTS1002: Unterminated string literal.[0m [1m[35m[plugin angular-compiler][0m

    src/app/shared/components/message-box/message-box.ts:11:120:
[37m      11 │ ..."); confirmtext-input ("Confirmar"); canceltext-input('Cancelar")[32m[37m;
         ╵                                                                     [32m^[0m


[31mX [41;31m[[41;97mERROR[41;31m][0m [1mTS1005: ',' expected.[0m [1m[35m[plugin angular-compiler][0m

    src/app/shared/components/message-box/message-box.ts:13:2:
[37m      13 │   [32mconfirm[37m-output<void>(); cancelar-output<void>();
         ╵   [32m~~~~~~~[0m


[31mX [41;31m[[41;97mERROR[41;31m][0m [1mTS2362: The left-hand side of an arithmetic operation must be of type 'any', 'number', 'bigint' or an enum type.[0m [1m[35m[plugin angular-compiler][0m

    src/app/shared/components/message-box/message-box.ts:13:2:
[37m      13 │   [32mconfirm[37m-output<void>(); cancelar-output<void>();
         ╵   [32m~~~~~~~[0m


[31mX [41;31m[[41;97mERROR[41;31m][0m [1mTS2304: Cannot find name 'output'.[0m [1m[35m[plugin angular-compiler][0m

    src/app/shared/components/message-box/message-box.ts:13:10:
[37m      13 │   confirm-[32moutput[37m<void>(); cancelar-output<void>();
         ╵           [32m~~~~~~[0m


[31mX [41;31m[[41;97mERROR[41;31m][0m [1mTS1005: ')' expected.[0m [1m[35m[plugin angular-compiler][0m

    src/app/shared/components/message-box/message-box.ts:13:24:
[37m      13 │   confirm-output<void>()[32m;[37m cancelar-output<void>();
         ╵                         [32m^[0m


[31mX [41;31m[[41;97mERROR[41;31m][0m [1mTS2304: Cannot find name 'cancelar'.[0m [1m[35m[plugin angular-compiler][0m

    src/app/shared/components/message-box/message-box.ts:13:26:
[37m      13 │   confirm-output<void>(); [32mcancelar[37m-output<void>();
         ╵                           [32m~~~~~~~~[0m


[31mX [41;31m[[41;97mERROR[41;31m][0m [1mTS2304: Cannot find name 'output'.[0m [1m[35m[plugin angular-compiler][0m

    src/app/shared/components/message-box/message-box.ts:13:35:
[37m      13 │   confirm-output<void>(); cancelar-[32moutput[37m<void>();
         ╵                                    [32m~~~~~~[0m


[31mX [41;31m[[41;97mERROR[41;31m][0m [1mTS1128: Declaration or statement expected.[0m [1m[35m[plugin angular-compiler][0m

    src/app/shared/components/message-box/message-box.ts:15:0:
[37m      15 │ [32m}[37m
         ╵ [32m^[0m


[33m▲ [43;33m[[43;30mWARNING[43;33m][0m [1mNG8113: All imports are unused[0m [1m[35m[plugin angular-compiler][0m

    src/app/app.ts:6:2:
[37m      6 │   [32mimports[37m: [RouterOutlet],
        ╵   [32m~~~~~~~[0m


[31mX [41;31m[[41;97mERROR[41;31m][0m [1mNG5002: Unexpected closing tag "router-oulet". It may happen when the tag has already been closed by another tag. For more info see https://www.w3.org/TR/html5/syntax.html#closing-elements-that-have-implied-end-tags[0m [1m[35m[plugin angular-compiler][0m

    src/app/app.html:0:0:
[37m      0 │ [32m[37m
        ╵ [32m^[0m

  Error occurs in the template of component App.

    src/app/app.ts:7:15:
[37m      7 │   templateUrl: [32m'./app.html'[37m,
        ╵                [32m~~~~~~~~~~~~[0m


[31mX [41;31m[[41;97mERROR[41;31m][0m [1mTS1434: Unexpected keyword or identifier.[0m [1m[35m[plugin angular-compiler][0m

    src/app/shared/components/message-box/message-box.ts:10:2:
[37m      10 │   [32mtittle[37m-input('confirmar accion');
         ╵   [32m~~~~~~[0m


[31mX [41;31m[[41;97mERROR[41;31m][0m [1mTS7008: Member 'tittle' implicitly has an 'any' type.[0m [1m[35m[plugin angular-compiler][0m

    src/app/shared/components/message-box/message-box.ts:10:2:
[37m      10 │   [32mtittle[37m-input('confirmar accion');
         ╵   [32m~~~~~~[0m


[31mX [41;31m[[41;97mERROR[41;31m][0m [1mTS1068: Unexpected token. A constructor, method, accessor, or property was expected.[0m [1m[35m[plugin angular-compiler][0m

    src/app/shared/components/message-box/message-box.ts:10:8:
[37m      10 │   tittle[32m-[37minput('confirmar accion');
         ╵         [32m^[0m


[31mX [41;31m[[41;97mERROR[41;31m][0m [1mTS2552: Cannot find name 'input'. Did you mean 'oninput'?[0m [1m[35m[plugin angular-compiler][0m

    src/app/shared/components/message-box/message-box.ts:10:9:
[37m      10 │   tittle-[32minput[37m('confirmar accion');
         ╵          [32m~~~~~[0m

  'oninput' is declared here.

    node_modules/typescript/lib/lib.dom.d.ts:43888:12:
[37m      43888 │ declare var [32moninput[37m: ((this: Window, ev: InputEvent) => any) | ...
            ╵             [32m~~~~~~~[0m


[31mX [41;31m[[41;97mERROR[41;31m][0m [1mTS2552: Cannot find name 'message'. Did you mean 'onmessage'?[0m [1m[35m[plugin angular-compiler][0m

    src/app/shared/components/message-box/message-box.ts:11:0:
[37m      11 │ [32mmessage[37m-input ('¿Estas seguro de realizar esta accion?"); confirm...
         ╵ [32m~~~~~~~[0m

  'onmessage' is declared here.

    node_modules/typescript/lib/lib.dom.d.ts:44052:12:
[37m      44052 │ declare var [32monmessage[37m: ((this: Window, ev: MessageEvent) => any...
            ╵             [32m~~~~~~~~~[0m


[31mX [41;31m[[41;97mERROR[41;31m][0m [1mTS2552: Cannot find name 'input'. Did you mean 'oninput'?[0m [1m[35m[plugin angular-compiler][0m

    src/app/shared/components/message-box/message-box.ts:11:8:
[37m      11 │ message-[32minput[37m ('¿Estas seguro de realizar esta accion?"); confirm...
         ╵         [32m~~~~~[0m

  'oninput' is declared here.

    node_modules/typescript/lib/lib.dom.d.ts:43888:12:
[37m      43888 │ declare var [32moninput[37m: ((this: Window, ev: InputEvent) => any) | ...
            ╵             [32m~~~~~~~[0m


[31mX [41;31m[[41;97mERROR[41;31m][0m [1mTS1005: ',' expected.[0m [1m[35m[plugin angular-compiler][0m

    src/app/shared/components/message-box/message-box.ts:11:109:
[37m      11 │ ..."); confirmtext-input ("Confirmar"); canceltext-input([32m'Cancela[37mr");
         ╵                                                          [32m~~~~~~~~[0m


[31mX [41;31m[[41;97mERROR[41;31m][0m [1mTS2304: Cannot find name 'Cancelar'.[0m [1m[35m[plugin angular-compiler][0m

    src/app/shared/components/message-box/message-box.ts:11:109:
[37m      11 │ ..."); confirmtext-input ("Confirmar"); canceltext-input([32m'Cancela[37mr");
         ╵                                                          [32m~~~~~~~~[0m


[31mX [41;31m[[41;97mERROR[41;31m][0m [1mTS1005: ',' expected.[0m [1m[35m[plugin angular-compiler][0m

    src/app/shared/components/message-box/message-box.ts:11:117:
[37m      11 │ ..."); confirmtext-input ("Confirmar"); canceltext-input('Cancela[32mr")[37m;
         ╵                                                                  [32m~~~[0m


[31mX [41;31m[[41;97mERROR[41;31m][0m [1mTS1002: Unterminated string literal.[0m [1m[35m[plugin angular-compiler][0m

    src/app/shared/components/message-box/message-box.ts:11:120:
[37m      11 │ ..."); confirmtext-input ("Confirmar"); canceltext-input('Cancelar")[32m[37m;
         ╵                                                                     [32m^[0m


[31mX [41;31m[[41;97mERROR[41;31m][0m [1mTS1005: ',' expected.[0m [1m[35m[plugin angular-compiler][0m

    src/app/shared/components/message-box/message-box.ts:13:2:
[37m      13 │   [32mconfirm[37m-output<void>();
         ╵   [32m~~~~~~~[0m


[31mX [41;31m[[41;97mERROR[41;31m][0m [1mTS2362: The left-hand side of an arithmetic operation must be of type 'any', 'number', 'bigint' or an enum type.[0m [1m[35m[plugin angular-compiler][0m

    src/app/shared/components/message-box/message-box.ts:13:2:
[37m      13 │   [32mconfirm[37m-output<void>();
         ╵   [32m~~~~~~~[0m


[31mX [41;31m[[41;97mERROR[41;31m][0m [1mTS2304: Cannot find name 'output'.[0m [1m[35m[plugin angular-compiler][0m

    src/app/shared/components/message-box/message-box.ts:13:10:
[37m      13 │   confirm-[32moutput[37m<void>();
         ╵           [32m~~~~~~[0m


[31mX [41;31m[[41;97mERROR[41;31m][0m [1mTS1005: ')' expected.[0m [1m[35m[plugin angular-compiler][0m

    src/app/shared/components/message-box/message-box.ts:13:24:
[37m      13 │   confirm-output<void>()[32m;[37m
         ╵                         [32m^[0m


[31mX [41;31m[[41;97mERROR[41;31m][0m [1mTS2304: Cannot find name 'cancelar'.[0m [1m[35m[plugin angular-compiler][0m

    src/app/shared/components/message-box/message-box.ts:14:3:
[37m      14 │    [32mcancelar[37m-output<void>();
         ╵    [32m~~~~~~~~[0m


[31mX [41;31m[[41;97mERROR[41;31m][0m [1mTS2304: Cannot find name 'output'.[0m [1m[35m[plugin angular-compiler][0m

    src/app/shared/components/message-box/message-box.ts:14:12:
[37m      14 │    cancelar-[32moutput[37m<void>();
         ╵             [32m~~~~~~[0m


[31mX [41;31m[[41;97mERROR[41;31m][0m [1mTS1128: Declaration or statement expected.[0m [1m[35m[plugin angular-compiler][0m

    src/app/shared/components/message-box/message-box.ts:16:0:
[37m      16 │ [32m}[37m
         ╵ [32m^[0m


[33m▲ [43;33m[[43;30mWARNING[43;33m][0m [1mNG8113: All imports are unused[0m [1m[35m[plugin angular-compiler][0m

    src/app/app.ts:6:2:
[37m      6 │   [32mimports[37m: [RouterOutlet],
        ╵   [32m~~~~~~~[0m


[31mX [41;31m[[41;97mERROR[41;31m][0m [1mNG5002: Unexpected closing tag "router-oulet". It may happen when the tag has already been closed by another tag. For more info see https://www.w3.org/TR/html5/syntax.html#closing-elements-that-have-implied-end-tags[0m [1m[35m[plugin angular-compiler][0m

    src/app/app.html:0:0:
[37m      0 │ [32m[37m
        ╵ [32m^[0m

  Error occurs in the template of component App.

    src/app/app.ts:7:15:
[37m      7 │   templateUrl: [32m'./app.html'[37m,
        ╵                [32m~~~~~~~~~~~~[0m


[31mX [41;31m[[41;97mERROR[41;31m][0m [1mTS1434: Unexpected keyword or identifier.[0m [1m[35m[plugin angular-compiler][0m

    src/app/shared/components/message-box/message-box.ts:10:2:
[37m      10 │   [32mtittle[37m-input('confirmar accion');
         ╵   [32m~~~~~~[0m


[31mX [41;31m[[41;97mERROR[41;31m][0m [1mTS7008: Member 'tittle' implicitly has an 'any' type.[0m [1m[35m[plugin angular-compiler][0m

    src/app/shared/components/message-box/message-box.ts:10:2:
[37m      10 │   [32mtittle[37m-input('confirmar accion');
         ╵   [32m~~~~~~[0m


[31mX [41;31m[[41;97mERROR[41;31m][0m [1mTS1068: Unexpected token. A constructor, method, accessor, or property was expected.[0m [1m[35m[plugin angular-compiler][0m

    src/app/shared/components/message-box/message-box.ts:10:8:
[37m      10 │   tittle[32m-[37minput('confirmar accion');
         ╵         [32m^[0m


[31mX [41;31m[[41;97mERROR[41;31m][0m [1mTS2552: Cannot find name 'input'. Did you mean 'oninput'?[0m [1m[35m[plugin angular-compiler][0m

    src/app/shared/components/message-box/message-box.ts:10:9:
[37m      10 │   tittle-[32minput[37m('confirmar accion');
         ╵          [32m~~~~~[0m

  'oninput' is declared here.

    node_modules/typescript/lib/lib.dom.d.ts:43888:12:
[37m      43888 │ declare var [32moninput[37m: ((this: Window, ev: InputEvent) => any) | ...
            ╵             [32m~~~~~~~[0m


[31mX [41;31m[[41;97mERROR[41;31m][0m [1mTS2552: Cannot find name 'message'. Did you mean 'onmessage'?[0m [1m[35m[plugin angular-compiler][0m

    src/app/shared/components/message-box/message-box.ts:11:0:
[37m      11 │ [32mmessage[37m-input ('¿Estas seguro de realizar esta accion?"); confirm...
         ╵ [32m~~~~~~~[0m

  'onmessage' is declared here.

    node_modules/typescript/lib/lib.dom.d.ts:44052:12:
[37m      44052 │ declare var [32monmessage[37m: ((this: Window, ev: MessageEvent) => any...
            ╵             [32m~~~~~~~~~[0m


[31mX [41;31m[[41;97mERROR[41;31m][0m [1mTS2552: Cannot find name 'input'. Did you mean 'oninput'?[0m [1m[35m[plugin angular-compiler][0m

    src/app/shared/components/message-box/message-box.ts:11:8:
[37m      11 │ message-[32minput[37m ('¿Estas seguro de realizar esta accion?"); confirm...
         ╵         [32m~~~~~[0m

  'oninput' is declared here.

    node_modules/typescript/lib/lib.dom.d.ts:43888:12:
[37m      43888 │ declare var [32moninput[37m: ((this: Window, ev: InputEvent) => any) | ...
            ╵             [32m~~~~~~~[0m


[31mX [41;31m[[41;97mERROR[41;31m][0m [1mTS1005: ',' expected.[0m [1m[35m[plugin angular-compiler][0m

    src/app/shared/components/message-box/message-box.ts:11:109:
[37m      11 │ ..."); confirmtext-input ("Confirmar"); canceltext-input([32m'Cancela[37mr");
         ╵                                                          [32m~~~~~~~~[0m


[31mX [41;31m[[41;97mERROR[41;31m][0m [1mTS2304: Cannot find name 'Cancelar'.[0m [1m[35m[plugin angular-compiler][0m

    src/app/shared/components/message-box/message-box.ts:11:109:
[37m      11 │ ..."); confirmtext-input ("Confirmar"); canceltext-input([32m'Cancela[37mr");
         ╵                                                          [32m~~~~~~~~[0m


[31mX [41;31m[[41;97mERROR[41;31m][0m [1mTS1005: ',' expected.[0m [1m[35m[plugin angular-compiler][0m

    src/app/shared/components/message-box/message-box.ts:11:117:
[37m      11 │ ..."); confirmtext-input ("Confirmar"); canceltext-input('Cancela[32mr")[37m;
         ╵                                                                  [32m~~~[0m


[31mX [41;31m[[41;97mERROR[41;31m][0m [1mTS1002: Unterminated string literal.[0m [1m[35m[plugin angular-compiler][0m

    src/app/shared/components/message-box/message-box.ts:11:120:
[37m      11 │ ..."); confirmtext-input ("Confirmar"); canceltext-input('Cancelar")[32m[37m;
         ╵                                                                     [32m^[0m


[31mX [41;31m[[41;97mERROR[41;31m][0m [1mTS1005: ',' expected.[0m [1m[35m[plugin angular-compiler][0m

    src/app/shared/components/message-box/message-box.ts:13:2:
[37m      13 │   [32mconfirm[37m-output<void>();
         ╵   [32m~~~~~~~[0m


[31mX [41;31m[[41;97mERROR[41;31m][0m [1mTS2362: The left-hand side of an arithmetic operation must be of type 'any', 'number', 'bigint' or an enum type.[0m [1m[35m[plugin angular-compiler][0m

    src/app/shared/components/message-box/message-box.ts:13:2:
[37m      13 │   [32mconfirm[37m-output<void>();
         ╵   [32m~~~~~~~[0m


[31mX [41;31m[[41;97mERROR[41;31m][0m [1mTS2304: Cannot find name 'output'.[0m [1m[35m[plugin angular-compiler][0m

    src/app/shared/components/message-box/message-box.ts:13:10:
[37m      13 │   confirm-[32moutput[37m<void>();
         ╵           [32m~~~~~~[0m


[31mX [41;31m[[41;97mERROR[41;31m][0m [1mTS1005: ')' expected.[0m [1m[35m[plugin angular-compiler][0m

    src/app/shared/components/message-box/message-box.ts:13:24:
[37m      13 │   confirm-output<void>()[32m;[37m
         ╵                         [32m^[0m


[31mX [41;31m[[41;97mERROR[41;31m][0m [1mTS2304: Cannot find name 'cancelar'.[0m [1m[35m[plugin angular-compiler][0m

    src/app/shared/components/message-box/message-box.ts:14:2:
[37m      14 │   [32mcancelar[37m-output<void>();
         ╵   [32m~~~~~~~~[0m


[31mX [41;31m[[41;97mERROR[41;31m][0m [1mTS2304: Cannot find name 'output'.[0m [1m[35m[plugin angular-compiler][0m

    src/app/shared/components/message-box/message-box.ts:14:11:
[37m      14 │   cancelar-[32moutput[37m<void>();
         ╵            [32m~~~~~~[0m


[31mX [41;31m[[41;97mERROR[41;31m][0m [1mTS1128: Declaration or statement expected.[0m [1m[35m[plugin angular-compiler][0m

    src/app/shared/components/message-box/message-box.ts:16:0:
[37m      16 │ [32m}[37m
         ╵ [32m^[0m


[33m▲ [43;33m[[43;30mWARNING[43;33m][0m [1mNG8113: All imports are unused[0m [1m[35m[plugin angular-compiler][0m

    src/app/app.ts:6:2:
[37m      6 │   [32mimports[37m: [RouterOutlet],
        ╵   [32m~~~~~~~[0m


[31mX [41;31m[[41;97mERROR[41;31m][0m [1mNG5002: Unexpected closing tag "router-oulet". It may happen when the tag has already been closed by another tag. For more info see https://www.w3.org/TR/html5/syntax.html#closing-elements-that-have-implied-end-tags[0m [1m[35m[plugin angular-compiler][0m

    src/app/app.html:0:0:
[37m      0 │ [32m[37m
        ╵ [32m^[0m

  Error occurs in the template of component App.

    src/app/app.ts:7:15:
[37m      7 │   templateUrl: [32m'./app.html'[37m,
        ╵                [32m~~~~~~~~~~~~[0m


[31mX [41;31m[[41;97mERROR[41;31m][0m [1mTS1434: Unexpected keyword or identifier.[0m [1m[35m[plugin angular-compiler][0m

    src/app/shared/components/message-box/message-box.ts:10:2:
[37m      10 │   [32mtittle[37m-input('confirmar accion');
         ╵   [32m~~~~~~[0m


[31mX [41;31m[[41;97mERROR[41;31m][0m [1mTS7008: Member 'tittle' implicitly has an 'any' type.[0m [1m[35m[plugin angular-compiler][0m

    src/app/shared/components/message-box/message-box.ts:10:2:
[37m      10 │   [32mtittle[37m-input('confirmar accion');
         ╵   [32m~~~~~~[0m


[31mX [41;31m[[41;97mERROR[41;31m][0m [1mTS1068: Unexpected token. A constructor, method, accessor, or property was expected.[0m [1m[35m[plugin angular-compiler][0m

    src/app/shared/components/message-box/message-box.ts:10:8:
[37m      10 │   tittle[32m-[37minput('confirmar accion');
         ╵         [32m^[0m


[31mX [41;31m[[41;97mERROR[41;31m][0m [1mTS2552: Cannot find name 'input'. Did you mean 'oninput'?[0m [1m[35m[plugin angular-compiler][0m

    src/app/shared/components/message-box/message-box.ts:10:9:
[37m      10 │   tittle-[32minput[37m('confirmar accion');
         ╵          [32m~~~~~[0m

  'oninput' is declared here.

    node_modules/typescript/lib/lib.dom.d.ts:43888:12:
[37m      43888 │ declare var [32moninput[37m: ((this: Window, ev: InputEvent) => any) | ...
            ╵             [32m~~~~~~~[0m


[31mX [41;31m[[41;97mERROR[41;31m][0m [1mTS2552: Cannot find name 'message'. Did you mean 'onmessage'?[0m [1m[35m[plugin angular-compiler][0m

    src/app/shared/components/message-box/message-box.ts:11:0:
[37m      11 │ [32mmessage[37m-input ('¿Estas seguro de realizar esta accion?"); confirm...
         ╵ [32m~~~~~~~[0m

  'onmessage' is declared here.

    node_modules/typescript/lib/lib.dom.d.ts:44052:12:
[37m      44052 │ declare var [32monmessage[37m: ((this: Window, ev: MessageEvent) => any...
            ╵             [32m~~~~~~~~~[0m


[31mX [41;31m[[41;97mERROR[41;31m][0m [1mTS2552: Cannot find name 'input'. Did you mean 'oninput'?[0m [1m[35m[plugin angular-compiler][0m

    src/app/shared/components/message-box/message-box.ts:11:8:
[37m      11 │ message-[32minput[37m ('¿Estas seguro de realizar esta accion?"); confirm...
         ╵         [32m~~~~~[0m

  'oninput' is declared here.

    node_modules/typescript/lib/lib.dom.d.ts:43888:12:
[37m      43888 │ declare var [32moninput[37m: ((this: Window, ev: InputEvent) => any) | ...
            ╵             [32m~~~~~~~[0m


[31mX [41;31m[[41;97mERROR[41;31m][0m [1mTS1005: ',' expected.[0m [1m[35m[plugin angular-compiler][0m

    src/app/shared/components/message-box/message-box.ts:11:109:
[37m      11 │ ..."); confirmtext-input ("Confirmar"); canceltext-input([32m'Cancela[37mr");
         ╵                                                          [32m~~~~~~~~[0m


[31mX [41;31m[[41;97mERROR[41;31m][0m [1mTS2304: Cannot find name 'Cancelar'.[0m [1m[35m[plugin angular-compiler][0m

    src/app/shared/components/message-box/message-box.ts:11:109:
[37m      11 │ ..."); confirmtext-input ("Confirmar"); canceltext-input([32m'Cancela[37mr");
         ╵                                                          [32m~~~~~~~~[0m


[31mX [41;31m[[41;97mERROR[41;31m][0m [1mTS1005: ',' expected.[0m [1m[35m[plugin angular-compiler][0m

    src/app/shared/components/message-box/message-box.ts:11:117:
[37m      11 │ ..."); confirmtext-input ("Confirmar"); canceltext-input('Cancela[32mr")[37m;
         ╵                                                                  [32m~~~[0m


[31mX [41;31m[[41;97mERROR[41;31m][0m [1mTS1002: Unterminated string literal.[0m [1m[35m[plugin angular-compiler][0m

    src/app/shared/components/message-box/message-box.ts:11:120:
[37m      11 │ ..."); confirmtext-input ("Confirmar"); canceltext-input('Cancelar")[32m[37m;
         ╵                                                                     [32m^[0m


[31mX [41;31m[[41;97mERROR[41;31m][0m [1mTS1005: ',' expected.[0m [1m[35m[plugin angular-compiler][0m

    src/app/shared/components/message-box/message-box.ts:13:2:
[37m      13 │   [32mconfirm[37m-output<void>();
         ╵   [32m~~~~~~~[0m


[31mX [41;31m[[41;97mERROR[41;31m][0m [1mTS2362: The left-hand side of an arithmetic operation must be of type 'any', 'number', 'bigint' or an enum type.[0m [1m[35m[plugin angular-compiler][0m

    src/app/shared/components/message-box/message-box.ts:13:2:
[37m      13 │   [32mconfirm[37m-output<void>();
         ╵   [32m~~~~~~~[0m


[31mX [41;31m[[41;97mERROR[41;31m][0m [1mTS2304: Cannot find name 'output'.[0m [1m[35m[plugin angular-compiler][0m

    src/app/shared/components/message-box/message-box.ts:13:10:
[37m      13 │   confirm-[32moutput[37m<void>();
         ╵           [32m~~~~~~[0m


[31mX [41;31m[[41;97mERROR[41;31m][0m [1mTS1005: ')' expected.[0m [1m[35m[plugin angular-compiler][0m

    src/app/shared/components/message-box/message-box.ts:13:24:
[37m      13 │   confirm-output<void>()[32m;[37m
         ╵                         [32m^[0m


[31mX [41;31m[[41;97mERROR[41;31m][0m [1mTS2304: Cannot find name 'cancelar'.[0m [1m[35m[plugin angular-compiler][0m

    src/app/shared/components/message-box/message-box.ts:14:0:
[37m      14 │ [32mcancelar[37m-output<void>();
         ╵ [32m~~~~~~~~[0m


[31mX [41;31m[[41;97mERROR[41;31m][0m [1mTS2304: Cannot find name 'output'.[0m [1m[35m[plugin angular-compiler][0m

    src/app/shared/components/message-box/message-box.ts:14:9:
[37m      14 │ cancelar-[32moutput[37m<void>();
         ╵          [32m~~~~~~[0m


[31mX [41;31m[[41;97mERROR[41;31m][0m [1mTS1128: Declaration or statement expected.[0m [1m[35m[plugin angular-compiler][0m

    src/app/shared/components/message-box/message-box.ts:16:0:
[37m      16 │ [32m}[37m
         ╵ [32m^[0m


[33m▲ [43;33m[[43;30mWARNING[43;33m][0m [1mNG8113: All imports are unused[0m [1m[35m[plugin angular-compiler][0m

    src/app/app.ts:6:2:
[37m      6 │   [32mimports[37m: [RouterOutlet],
        ╵   [32m~~~~~~~[0m


[31mX [41;31m[[41;97mERROR[41;31m][0m [1mNG5002: Unexpected closing tag "router-oulet". It may happen when the tag has already been closed by another tag. For more info see https://www.w3.org/TR/html5/syntax.html#closing-elements-that-have-implied-end-tags[0m [1m[35m[plugin angular-compiler][0m

    src/app/app.html:0:0:
[37m      0 │ [32m[37m
        ╵ [32m^[0m

  Error occurs in the template of component App.

    src/app/app.ts:7:15:
[37m      7 │   templateUrl: [32m'./app.html'[37m,
        ╵                [32m~~~~~~~~~~~~[0m


[31mX [41;31m[[41;97mERROR[41;31m][0m [1mTS1434: Unexpected keyword or identifier.[0m [1m[35m[plugin angular-compiler][0m

    src/app/shared/components/message-box/message-box.ts:10:2:
[37m      10 │   [32mtittle[37m-input('confirmar accion');
         ╵   [32m~~~~~~[0m


[31mX [41;31m[[41;97mERROR[41;31m][0m [1mTS7008: Member 'tittle' implicitly has an 'any' type.[0m [1m[35m[plugin angular-compiler][0m

    src/app/shared/components/message-box/message-box.ts:10:2:
[37m      10 │   [32mtittle[37m-input('confirmar accion');
         ╵   [32m~~~~~~[0m


[31mX [41;31m[[41;97mERROR[41;31m][0m [1mTS1068: Unexpected token. A constructor, method, accessor, or property was expected.[0m [1m[35m[plugin angular-compiler][0m

    src/app/shared/components/message-box/message-box.ts:10:8:
[37m      10 │   tittle[32m-[37minput('confirmar accion');
         ╵         [32m^[0m


[31mX [41;31m[[41;97mERROR[41;31m][0m [1mTS2552: Cannot find name 'input'. Did you mean 'oninput'?[0m [1m[35m[plugin angular-compiler][0m

    src/app/shared/components/message-box/message-box.ts:10:9:
[37m      10 │   tittle-[32minput[37m('confirmar accion');
         ╵          [32m~~~~~[0m

  'oninput' is declared here.

    node_modules/typescript/lib/lib.dom.d.ts:43888:12:
[37m      43888 │ declare var [32moninput[37m: ((this: Window, ev: InputEvent) => any) | ...
            ╵             [32m~~~~~~~[0m


[31mX [41;31m[[41;97mERROR[41;31m][0m [1mTS2552: Cannot find name 'message'. Did you mean 'onmessage'?[0m [1m[35m[plugin angular-compiler][0m

    src/app/shared/components/message-box/message-box.ts:11:0:
[37m      11 │ [32mmessage[37m-input ('¿Estas seguro de realizar esta accion?"); confirm...
         ╵ [32m~~~~~~~[0m

  'onmessage' is declared here.

    node_modules/typescript/lib/lib.dom.d.ts:44052:12:
[37m      44052 │ declare var [32monmessage[37m: ((this: Window, ev: MessageEvent) => any...
            ╵             [32m~~~~~~~~~[0m


[31mX [41;31m[[41;97mERROR[41;31m][0m [1mTS2552: Cannot find name 'input'. Did you mean 'oninput'?[0m [1m[35m[plugin angular-compiler][0m

    src/app/shared/components/message-box/message-box.ts:11:8:
[37m      11 │ message-[32minput[37m ('¿Estas seguro de realizar esta accion?"); confirm...
         ╵         [32m~~~~~[0m

  'oninput' is declared here.

    node_modules/typescript/lib/lib.dom.d.ts:43888:12:
[37m      43888 │ declare var [32moninput[37m: ((this: Window, ev: InputEvent) => any) | ...
            ╵             [32m~~~~~~~[0m


[31mX [41;31m[[41;97mERROR[41;31m][0m [1mTS1005: ',' expected.[0m [1m[35m[plugin angular-compiler][0m

    src/app/shared/components/message-box/message-box.ts:11:109:
[37m      11 │ ..."); confirmtext-input ("Confirmar"); canceltext-input([32m'Cancela[37mr");
         ╵                                                          [32m~~~~~~~~[0m


[31mX [41;31m[[41;97mERROR[41;31m][0m [1mTS2304: Cannot find name 'Cancelar'.[0m [1m[35m[plugin angular-compiler][0m

    src/app/shared/components/message-box/message-box.ts:11:109:
[37m      11 │ ..."); confirmtext-input ("Confirmar"); canceltext-input([32m'Cancela[37mr");
         ╵                                                          [32m~~~~~~~~[0m


[31mX [41;31m[[41;97mERROR[41;31m][0m [1mTS1005: ',' expected.[0m [1m[35m[plugin angular-compiler][0m

    src/app/shared/components/message-box/message-box.ts:11:117:
[37m      11 │ ..."); confirmtext-input ("Confirmar"); canceltext-input('Cancela[32mr")[37m;
         ╵                                                                  [32m~~~[0m


[31mX [41;31m[[41;97mERROR[41;31m][0m [1mTS1002: Unterminated string literal.[0m [1m[35m[plugin angular-compiler][0m

    src/app/shared/components/message-box/message-box.ts:11:120:
[37m      11 │ ..."); confirmtext-input ("Confirmar"); canceltext-input('Cancelar")[32m[37m;
         ╵                                                                     [32m^[0m


[31mX [41;31m[[41;97mERROR[41;31m][0m [1mTS1005: ',' expected.[0m [1m[35m[plugin angular-compiler][0m

    src/app/shared/components/message-box/message-box.ts:13:0:
[37m      13 │ [32mconfirm[37m-output<void>();
         ╵ [32m~~~~~~~[0m


[31mX [41;31m[[41;97mERROR[41;31m][0m [1mTS2362: The left-hand side of an arithmetic operation must be of type 'any', 'number', 'bigint' or an enum type.[0m [1m[35m[plugin angular-compiler][0m

    src/app/shared/components/message-box/message-box.ts:13:0:
[37m      13 │ [32mconfirm[37m-output<void>();
         ╵ [32m~~~~~~~[0m


[31mX [41;31m[[41;97mERROR[41;31m][0m [1mTS2304: Cannot find name 'output'.[0m [1m[35m[plugin angular-compiler][0m

    src/app/shared/components/message-box/message-box.ts:13:8:
[37m      13 │ confirm-[32moutput[37m<void>();
         ╵         [32m~~~~~~[0m


[31mX [41;31m[[41;97mERROR[41;31m][0m [1mTS1005: ')' expected.[0m [1m[35m[plugin angular-compiler][0m

    src/app/shared/components/message-box/message-box.ts:13:22:
[37m      13 │ confirm-output<void>()[32m;[37m
         ╵                       [32m^[0m


[31mX [41;31m[[41;97mERROR[41;31m][0m [1mTS2304: Cannot find name 'cancelar'.[0m [1m[35m[plugin angular-compiler][0m

    src/app/shared/components/message-box/message-box.ts:14:0:
[37m      14 │ [32mcancelar[37m-output<void>();
         ╵ [32m~~~~~~~~[0m


[31mX [41;31m[[41;97mERROR[41;31m][0m [1mTS2304: Cannot find name 'output'.[0m [1m[35m[plugin angular-compiler][0m

    src/app/shared/components/message-box/message-box.ts:14:9:
[37m      14 │ cancelar-[32moutput[37m<void>();
         ╵          [32m~~~~~~[0m


[31mX [41;31m[[41;97mERROR[41;31m][0m [1mTS1128: Declaration or statement expected.[0m [1m[35m[plugin angular-compiler][0m

    src/app/shared/components/message-box/message-box.ts:16:0:
[37m      16 │ [32m}[37m
         ╵ [32m^[0m


[33m▲ [43;33m[[43;30mWARNING[43;33m][0m [1mNG8113: All imports are unused[0m [1m[35m[plugin angular-compiler][0m

    src/app/app.ts:6:2:
[37m      6 │   [32mimports[37m: [RouterOutlet],
        ╵   [32m~~~~~~~[0m


[31mX [41;31m[[41;97mERROR[41;31m][0m [1mNG5002: Unexpected closing tag "router-oulet". It may happen when the tag has already been closed by another tag. For more info see https://www.w3.org/TR/html5/syntax.html#closing-elements-that-have-implied-end-tags[0m [1m[35m[plugin angular-compiler][0m

    src/app/app.html:0:0:
[37m      0 │ [32m[37m
        ╵ [32m^[0m

  Error occurs in the template of component App.

    src/app/app.ts:7:15:
[37m      7 │   templateUrl: [32m'./app.html'[37m,
        ╵                [32m~~~~~~~~~~~~[0m


[31mX [41;31m[[41;97mERROR[41;31m][0m [1mTS1434: Unexpected keyword or identifier.[0m [1m[35m[plugin angular-compiler][0m

    src/app/shared/components/message-box/message-box.ts:10:2:
[37m      10 │   [32mtittle[37m-input('confirmar accion');
         ╵   [32m~~~~~~[0m


[31mX [41;31m[[41;97mERROR[41;31m][0m [1mTS7008: Member 'tittle' implicitly has an 'any' type.[0m [1m[35m[plugin angular-compiler][0m

    src/app/shared/components/message-box/message-box.ts:10:2:
[37m      10 │   [32mtittle[37m-input('confirmar accion');
         ╵   [32m~~~~~~[0m


[31mX [41;31m[[41;97mERROR[41;31m][0m [1mTS1068: Unexpected token. A constructor, method, accessor, or property was expected.[0m [1m[35m[plugin angular-compiler][0m

    src/app/shared/components/message-box/message-box.ts:10:8:
[37m      10 │   tittle[32m-[37minput('confirmar accion');
         ╵         [32m^[0m


[31mX [41;31m[[41;97mERROR[41;31m][0m [1mTS2552: Cannot find name 'input'. Did you mean 'oninput'?[0m [1m[35m[plugin angular-compiler][0m

    src/app/shared/components/message-box/message-box.ts:10:9:
[37m      10 │   tittle-[32minput[37m('confirmar accion');
         ╵          [32m~~~~~[0m

  'oninput' is declared here.

    node_modules/typescript/lib/lib.dom.d.ts:43888:12:
[37m      43888 │ declare var [32moninput[37m: ((this: Window, ev: InputEvent) => any) | ...
            ╵             [32m~~~~~~~[0m


[31mX [41;31m[[41;97mERROR[41;31m][0m [1mTS2552: Cannot find name 'message'. Did you mean 'onmessage'?[0m [1m[35m[plugin angular-compiler][0m

    src/app/shared/components/message-box/message-box.ts:11:0:
[37m      11 │ [32mmessage[37m-input ('¿Estas seguro de realizar esta accion?"); confirm...
         ╵ [32m~~~~~~~[0m

  'onmessage' is declared here.

    node_modules/typescript/lib/lib.dom.d.ts:44052:12:
[37m      44052 │ declare var [32monmessage[37m: ((this: Window, ev: MessageEvent) => any...
            ╵             [32m~~~~~~~~~[0m


[31mX [41;31m[[41;97mERROR[41;31m][0m [1mTS2552: Cannot find name 'input'. Did you mean 'oninput'?[0m [1m[35m[plugin angular-compiler][0m

    src/app/shared/components/message-box/message-box.ts:11:8:
[37m      11 │ message-[32minput[37m ('¿Estas seguro de realizar esta accion?"); confirm...
         ╵         [32m~~~~~[0m

  'oninput' is declared here.

    node_modules/typescript/lib/lib.dom.d.ts:43888:12:
[37m      43888 │ declare var [32moninput[37m: ((this: Window, ev: InputEvent) => any) | ...
            ╵             [32m~~~~~~~[0m


[31mX [41;31m[[41;97mERROR[41;31m][0m [1mTS1005: ',' expected.[0m [1m[35m[plugin angular-compiler][0m

    src/app/shared/components/message-box/message-box.ts:11:109:
[37m      11 │ ..."); confirmtext-input ("Confirmar"); canceltext-input([32m'Cancela[37mr");
         ╵                                                          [32m~~~~~~~~[0m


[31mX [41;31m[[41;97mERROR[41;31m][0m [1mTS2304: Cannot find name 'Cancelar'.[0m [1m[35m[plugin angular-compiler][0m

    src/app/shared/components/message-box/message-box.ts:11:109:
[37m      11 │ ..."); confirmtext-input ("Confirmar"); canceltext-input([32m'Cancela[37mr");
         ╵                                                          [32m~~~~~~~~[0m


[31mX [41;31m[[41;97mERROR[41;31m][0m [1mTS1005: ',' expected.[0m [1m[35m[plugin angular-compiler][0m

    src/app/shared/components/message-box/message-box.ts:11:117:
[37m      11 │ ..."); confirmtext-input ("Confirmar"); canceltext-input('Cancela[32mr")[37m;
         ╵                                                                  [32m~~~[0m


[31mX [41;31m[[41;97mERROR[41;31m][0m [1mTS1002: Unterminated string literal.[0m [1m[35m[plugin angular-compiler][0m

    src/app/shared/components/message-box/message-box.ts:11:120:
[37m      11 │ ..."); confirmtext-input ("Confirmar"); canceltext-input('Cancelar")[32m[37m;
         ╵                                                                     [32m^[0m


[31mX [41;31m[[41;97mERROR[41;31m][0m [1mTS1005: ',' expected.[0m [1m[35m[plugin angular-compiler][0m

    src/app/shared/components/message-box/message-box.ts:13:0:
[37m      13 │ [32mconfirmoutput[37m<void>();
         ╵ [32m~~~~~~~~~~~~~[0m


[31mX [41;31m[[41;97mERROR[41;31m][0m [1mTS2304: Cannot find name 'confirmoutput'.[0m [1m[35m[plugin angular-compiler][0m

    src/app/shared/components/message-box/message-box.ts:13:0:
[37m      13 │ [32mconfirmoutput[37m<void>();
         ╵ [32m~~~~~~~~~~~~~[0m


[31mX [41;31m[[41;97mERROR[41;31m][0m [1mTS1005: ')' expected.[0m [1m[35m[plugin angular-compiler][0m

    src/app/shared/components/message-box/message-box.ts:13:21:
[37m      13 │ confirmoutput<void>()[32m;[37m
         ╵                      [32m^[0m


[31mX [41;31m[[41;97mERROR[41;31m][0m [1mTS2304: Cannot find name 'cancelar'.[0m [1m[35m[plugin angular-compiler][0m

    src/app/shared/components/message-box/message-box.ts:14:0:
[37m      14 │ [32mcancelar[37m-output<void>();
         ╵ [32m~~~~~~~~[0m


[31mX [41;31m[[41;97mERROR[41;31m][0m [1mTS2304: Cannot find name 'output'.[0m [1m[35m[plugin angular-compiler][0m

    src/app/shared/components/message-box/message-box.ts:14:9:
[37m      14 │ cancelar-[32moutput[37m<void>();
         ╵          [32m~~~~~~[0m


[31mX [41;31m[[41;97mERROR[41;31m][0m [1mTS1128: Declaration or statement expected.[0m [1m[35m[plugin angular-compiler][0m

    src/app/shared/components/message-box/message-box.ts:16:0:
[37m      16 │ [32m}[37m
         ╵ [32m^[0m


[33m▲ [43;33m[[43;30mWARNING[43;33m][0m [1mNG8113: All imports are unused[0m [1m[35m[plugin angular-compiler][0m

    src/app/app.ts:6:2:
[37m      6 │   [32mimports[37m: [RouterOutlet],
        ╵   [32m~~~~~~~[0m


[31mX [41;31m[[41;97mERROR[41;31m][0m [1mNG5002: Unexpected closing tag "router-oulet". It may happen when the tag has already been closed by another tag. For more info see https://www.w3.org/TR/html5/syntax.html#closing-elements-that-have-implied-end-tags[0m [1m[35m[plugin angular-compiler][0m

    src/app/app.html:0:0:
[37m      0 │ [32m[37m
        ╵ [32m^[0m

  Error occurs in the template of component App.

    src/app/app.ts:7:15:
[37m      7 │   templateUrl: [32m'./app.html'[37m,
        ╵                [32m~~~~~~~~~~~~[0m


[31mX [41;31m[[41;97mERROR[41;31m][0m [1mTS1434: Unexpected keyword or identifier.[0m [1m[35m[plugin angular-compiler][0m

    src/app/shared/components/message-box/message-box.ts:10:2:
[37m      10 │   [32mtittle[37m-input('confirmar accion');
         ╵   [32m~~~~~~[0m


[31mX [41;31m[[41;97mERROR[41;31m][0m [1mTS7008: Member 'tittle' implicitly has an 'any' type.[0m [1m[35m[plugin angular-compiler][0m

    src/app/shared/components/message-box/message-box.ts:10:2:
[37m      10 │   [32mtittle[37m-input('confirmar accion');
         ╵   [32m~~~~~~[0m


[31mX [41;31m[[41;97mERROR[41;31m][0m [1mTS1068: Unexpected token. A constructor, method, accessor, or property was expected.[0m [1m[35m[plugin angular-compiler][0m

    src/app/shared/components/message-box/message-box.ts:10:8:
[37m      10 │   tittle[32m-[37minput('confirmar accion');
         ╵         [32m^[0m


[31mX [41;31m[[41;97mERROR[41;31m][0m [1mTS2552: Cannot find name 'input'. Did you mean 'oninput'?[0m [1m[35m[plugin angular-compiler][0m

    src/app/shared/components/message-box/message-box.ts:10:9:
[37m      10 │   tittle-[32minput[37m('confirmar accion');
         ╵          [32m~~~~~[0m

  'oninput' is declared here.

    node_modules/typescript/lib/lib.dom.d.ts:43888:12:
[37m      43888 │ declare var [32moninput[37m: ((this: Window, ev: InputEvent) => any) | ...
            ╵             [32m~~~~~~~[0m


[31mX [41;31m[[41;97mERROR[41;31m][0m [1mTS2552: Cannot find name 'message'. Did you mean 'onmessage'?[0m [1m[35m[plugin angular-compiler][0m

    src/app/shared/components/message-box/message-box.ts:11:0:
[37m      11 │ [32mmessage[37m-input ('¿Estas seguro de realizar esta accion?"); confirm...
         ╵ [32m~~~~~~~[0m

  'onmessage' is declared here.

    node_modules/typescript/lib/lib.dom.d.ts:44052:12:
[37m      44052 │ declare var [32monmessage[37m: ((this: Window, ev: MessageEvent) => any...
            ╵             [32m~~~~~~~~~[0m


[31mX [41;31m[[41;97mERROR[41;31m][0m [1mTS2552: Cannot find name 'input'. Did you mean 'oninput'?[0m [1m[35m[plugin angular-compiler][0m

    src/app/shared/components/message-box/message-box.ts:11:8:
[37m      11 │ message-[32minput[37m ('¿Estas seguro de realizar esta accion?"); confirm...
         ╵         [32m~~~~~[0m

  'oninput' is declared here.

    node_modules/typescript/lib/lib.dom.d.ts:43888:12:
[37m      43888 │ declare var [32moninput[37m: ((this: Window, ev: InputEvent) => any) | ...
            ╵             [32m~~~~~~~[0m


[31mX [41;31m[[41;97mERROR[41;31m][0m [1mTS1005: ',' expected.[0m [1m[35m[plugin angular-compiler][0m

    src/app/shared/components/message-box/message-box.ts:11:109:
[37m      11 │ ..."); confirmtext-input ("Confirmar"); canceltext-input([32m'Cancela[37mr");
         ╵                                                          [32m~~~~~~~~[0m


[31mX [41;31m[[41;97mERROR[41;31m][0m [1mTS2304: Cannot find name 'Cancelar'.[0m [1m[35m[plugin angular-compiler][0m

    src/app/shared/components/message-box/message-box.ts:11:109:
[37m      11 │ ..."); confirmtext-input ("Confirmar"); canceltext-input([32m'Cancela[37mr");
         ╵                                                          [32m~~~~~~~~[0m


[31mX [41;31m[[41;97mERROR[41;31m][0m [1mTS1005: ',' expected.[0m [1m[35m[plugin angular-compiler][0m

    src/app/shared/components/message-box/message-box.ts:11:117:
[37m      11 │ ..."); confirmtext-input ("Confirmar"); canceltext-input('Cancela[32mr")[37m;
         ╵                                                                  [32m~~~[0m


[31mX [41;31m[[41;97mERROR[41;31m][0m [1mTS1002: Unterminated string literal.[0m [1m[35m[plugin angular-compiler][0m

    src/app/shared/components/message-box/message-box.ts:11:120:
[37m      11 │ ..."); confirmtext-input ("Confirmar"); canceltext-input('Cancelar")[32m[37m;
         ╵                                                                     [32m^[0m


[31mX [41;31m[[41;97mERROR[41;31m][0m [1mTS1005: ',' expected.[0m [1m[35m[plugin angular-compiler][0m

    src/app/shared/components/message-box/message-box.ts:13:0:
[37m      13 │ [32mconfirm[37m=output<void>();
         ╵ [32m~~~~~~~[0m


[31mX [41;31m[[41;97mERROR[41;31m][0m [1mTS2630: Cannot assign to 'confirm' because it is a function.[0m [1m[35m[plugin angular-compiler][0m

    src/app/shared/components/message-box/message-box.ts:13:0:
[37m      13 │ [32mconfirm[37m=output<void>();
         ╵ [32m~~~~~~~[0m


[31mX [41;31m[[41;97mERROR[41;31m][0m [1mTS2304: Cannot find name 'output'.[0m [1m[35m[plugin angular-compiler][0m

    src/app/shared/components/message-box/message-box.ts:13:8:
[37m      13 │ confirm=[32moutput[37m<void>();
         ╵         [32m~~~~~~[0m


[31mX [41;31m[[41;97mERROR[41;31m][0m [1mTS1005: ')' expected.[0m [1m[35m[plugin angular-compiler][0m

    src/app/shared/components/message-box/message-box.ts:13:22:
[37m      13 │ confirm=output<void>()[32m;[37m
         ╵                       [32m^[0m


[31mX [41;31m[[41;97mERROR[41;31m][0m [1mTS2304: Cannot find name 'cancelar'.[0m [1m[35m[plugin angular-compiler][0m

    src/app/shared/components/message-box/message-box.ts:14:0:
[37m      14 │ [32mcancelar[37m-output<void>();
         ╵ [32m~~~~~~~~[0m


[31mX [41;31m[[41;97mERROR[41;31m][0m [1mTS2304: Cannot find name 'output'.[0m [1m[35m[plugin angular-compiler][0m

    src/app/shared/components/message-box/message-box.ts:14:9:
[37m      14 │ cancelar-[32moutput[37m<void>();
         ╵          [32m~~~~~~[0m


[31mX [41;31m[[41;97mERROR[41;31m][0m [1mTS1128: Declaration or statement expected.[0m [1m[35m[plugin angular-compiler][0m

    src/app/shared/components/message-box/message-box.ts:16:0:
[37m      16 │ [32m}[37m
         ╵ [32m^[0m


[33m▲ [43;33m[[43;30mWARNING[43;33m][0m [1mNG8113: All imports are unused[0m [1m[35m[plugin angular-compiler][0m

    src/app/app.ts:6:2:
[37m      6 │   [32mimports[37m: [RouterOutlet],
        ╵   [32m~~~~~~~[0m


[31mX [41;31m[[41;97mERROR[41;31m][0m [1mNG5002: Unexpected closing tag "router-oulet". It may happen when the tag has already been closed by another tag. For more info see https://www.w3.org/TR/html5/syntax.html#closing-elements-that-have-implied-end-tags[0m [1m[35m[plugin angular-compiler][0m

    src/app/app.html:0:0:
[37m      0 │ [32m[37m
        ╵ [32m^[0m

  Error occurs in the template of component App.

    src/app/app.ts:7:15:
[37m      7 │   templateUrl: [32m'./app.html'[37m,
        ╵                [32m~~~~~~~~~~~~[0m


[31mX [41;31m[[41;97mERROR[41;31m][0m [1mTS1434: Unexpected keyword or identifier.[0m [1m[35m[plugin angular-compiler][0m

    src/app/shared/components/message-box/message-box.ts:10:2:
[37m      10 │   [32mtittle[37m-input('confirmar accion');
         ╵   [32m~~~~~~[0m


[31mX [41;31m[[41;97mERROR[41;31m][0m [1mTS7008: Member 'tittle' implicitly has an 'any' type.[0m [1m[35m[plugin angular-compiler][0m

    src/app/shared/components/message-box/message-box.ts:10:2:
[37m      10 │   [32mtittle[37m-input('confirmar accion');
         ╵   [32m~~~~~~[0m


[31mX [41;31m[[41;97mERROR[41;31m][0m [1mTS1068: Unexpected token. A constructor, method, accessor, or property was expected.[0m [1m[35m[plugin angular-compiler][0m

    src/app/shared/components/message-box/message-box.ts:10:8:
[37m      10 │   tittle[32m-[37minput('confirmar accion');
         ╵         [32m^[0m


[31mX [41;31m[[41;97mERROR[41;31m][0m [1mTS2552: Cannot find name 'input'. Did you mean 'oninput'?[0m [1m[35m[plugin angular-compiler][0m

    src/app/shared/components/message-box/message-box.ts:10:9:
[37m      10 │   tittle-[32minput[37m('confirmar accion');
         ╵          [32m~~~~~[0m

  'oninput' is declared here.

    node_modules/typescript/lib/lib.dom.d.ts:43888:12:
[37m      43888 │ declare var [32moninput[37m: ((this: Window, ev: InputEvent) => any) | ...
            ╵             [32m~~~~~~~[0m


[31mX [41;31m[[41;97mERROR[41;31m][0m [1mTS2552: Cannot find name 'message'. Did you mean 'onmessage'?[0m [1m[35m[plugin angular-compiler][0m

    src/app/shared/components/message-box/message-box.ts:11:0:
[37m      11 │ [32mmessage[37m-input ('¿Estas seguro de realizar esta accion?"); confirm...
         ╵ [32m~~~~~~~[0m

  'onmessage' is declared here.

    node_modules/typescript/lib/lib.dom.d.ts:44052:12:
[37m      44052 │ declare var [32monmessage[37m: ((this: Window, ev: MessageEvent) => any...
            ╵             [32m~~~~~~~~~[0m


[31mX [41;31m[[41;97mERROR[41;31m][0m [1mTS2552: Cannot find name 'input'. Did you mean 'oninput'?[0m [1m[35m[plugin angular-compiler][0m

    src/app/shared/components/message-box/message-box.ts:11:8:
[37m      11 │ message-[32minput[37m ('¿Estas seguro de realizar esta accion?"); confirm...
         ╵         [32m~~~~~[0m

  'oninput' is declared here.

    node_modules/typescript/lib/lib.dom.d.ts:43888:12:
[37m      43888 │ declare var [32moninput[37m: ((this: Window, ev: InputEvent) => any) | ...
            ╵             [32m~~~~~~~[0m


[31mX [41;31m[[41;97mERROR[41;31m][0m [1mTS1005: ',' expected.[0m [1m[35m[plugin angular-compiler][0m

    src/app/shared/components/message-box/message-box.ts:11:109:
[37m      11 │ ..."); confirmtext-input ("Confirmar"); canceltext-input([32m'Cancela[37mr");
         ╵                                                          [32m~~~~~~~~[0m


[31mX [41;31m[[41;97mERROR[41;31m][0m [1mTS2304: Cannot find name 'Cancelar'.[0m [1m[35m[plugin angular-compiler][0m

    src/app/shared/components/message-box/message-box.ts:11:109:
[37m      11 │ ..."); confirmtext-input ("Confirmar"); canceltext-input([32m'Cancela[37mr");
         ╵                                                          [32m~~~~~~~~[0m


[31mX [41;31m[[41;97mERROR[41;31m][0m [1mTS1005: ',' expected.[0m [1m[35m[plugin angular-compiler][0m

    src/app/shared/components/message-box/message-box.ts:11:117:
[37m      11 │ ..."); confirmtext-input ("Confirmar"); canceltext-input('Cancela[32mr")[37m;
         ╵                                                                  [32m~~~[0m


[31mX [41;31m[[41;97mERROR[41;31m][0m [1mTS1002: Unterminated string literal.[0m [1m[35m[plugin angular-compiler][0m

    src/app/shared/components/message-box/message-box.ts:11:120:
[37m      11 │ ..."); confirmtext-input ("Confirmar"); canceltext-input('Cancelar")[32m[37m;
         ╵                                                                     [32m^[0m


[31mX [41;31m[[41;97mERROR[41;31m][0m [1mTS1005: ',' expected.[0m [1m[35m[plugin angular-compiler][0m

    src/app/shared/components/message-box/message-box.ts:13:0:
[37m      13 │ [32mconfirm[37m=output<void>();
         ╵ [32m~~~~~~~[0m


[31mX [41;31m[[41;97mERROR[41;31m][0m [1mTS2630: Cannot assign to 'confirm' because it is a function.[0m [1m[35m[plugin angular-compiler][0m

    src/app/shared/components/message-box/message-box.ts:13:0:
[37m      13 │ [32mconfirm[37m=output<void>();
         ╵ [32m~~~~~~~[0m


[31mX [41;31m[[41;97mERROR[41;31m][0m [1mTS2304: Cannot find name 'output'.[0m [1m[35m[plugin angular-compiler][0m

    src/app/shared/components/message-box/message-box.ts:13:8:
[37m      13 │ confirm=[32moutput[37m<void>();
         ╵         [32m~~~~~~[0m


[31mX [41;31m[[41;97mERROR[41;31m][0m [1mTS1005: ')' expected.[0m [1m[35m[plugin angular-compiler][0m

    src/app/shared/components/message-box/message-box.ts:13:22:
[37m      13 │ confirm=output<void>()[32m;[37m
         ╵                       [32m^[0m


[31mX [41;31m[[41;97mERROR[41;31m][0m [1mTS2304: Cannot find name 'cancelar'.[0m [1m[35m[plugin angular-compiler][0m

    src/app/shared/components/message-box/message-box.ts:14:0:
[37m      14 │ [32mcancelar[37m=output<void>();
         ╵ [32m~~~~~~~~[0m


[31mX [41;31m[[41;97mERROR[41;31m][0m [1mTS2304: Cannot find name 'output'.[0m [1m[35m[plugin angular-compiler][0m

    src/app/shared/components/message-box/message-box.ts:14:9:
[37m      14 │ cancelar=[32moutput[37m<void>();
         ╵          [32m~~~~~~[0m


[31mX [41;31m[[41;97mERROR[41;31m][0m [1mTS1128: Declaration or statement expected.[0m [1m[35m[plugin angular-compiler][0m

    src/app/shared/components/message-box/message-box.ts:16:0:
[37m      16 │ [32m}[37m
         ╵ [32m^[0m


[33m▲ [43;33m[[43;30mWARNING[43;33m][0m [1mNG8113: All imports are unused[0m [1m[35m[plugin angular-compiler][0m

    src/app/app.ts:6:2:
[37m      6 │   [32mimports[37m: [RouterOutlet],
        ╵   [32m~~~~~~~[0m


[31mX [41;31m[[41;97mERROR[41;31m][0m [1mNG5002: Unexpected closing tag "router-oulet". It may happen when the tag has already been closed by another tag. For more info see https://www.w3.org/TR/html5/syntax.html#closing-elements-that-have-implied-end-tags[0m [1m[35m[plugin angular-compiler][0m

    src/app/app.html:0:0:
[37m      0 │ [32m[37m
        ╵ [32m^[0m

  Error occurs in the template of component App.

    src/app/app.ts:7:15:
[37m      7 │   templateUrl: [32m'./app.html'[37m,
        ╵                [32m~~~~~~~~~~~~[0m


[31mX [41;31m[[41;97mERROR[41;31m][0m [1mTS1434: Unexpected keyword or identifier.[0m [1m[35m[plugin angular-compiler][0m

    src/app/shared/components/message-box/message-box.ts:10:2:
[37m      10 │   [32mtittle[37m-input('confirmar accion');
         ╵   [32m~~~~~~[0m


[31mX [41;31m[[41;97mERROR[41;31m][0m [1mTS7008: Member 'tittle' implicitly has an 'any' type.[0m [1m[35m[plugin angular-compiler][0m

    src/app/shared/components/message-box/message-box.ts:10:2:
[37m      10 │   [32mtittle[37m-input('confirmar accion');
         ╵   [32m~~~~~~[0m


[31mX [41;31m[[41;97mERROR[41;31m][0m [1mTS1068: Unexpected token. A constructor, method, accessor, or property was expected.[0m [1m[35m[plugin angular-compiler][0m

    src/app/shared/components/message-box/message-box.ts:10:8:
[37m      10 │   tittle[32m-[37minput('confirmar accion');
         ╵         [32m^[0m


[31mX [41;31m[[41;97mERROR[41;31m][0m [1mTS2552: Cannot find name 'input'. Did you mean 'oninput'?[0m [1m[35m[plugin angular-compiler][0m

    src/app/shared/components/message-box/message-box.ts:10:9:
[37m      10 │   tittle-[32minput[37m('confirmar accion');
         ╵          [32m~~~~~[0m

  'oninput' is declared here.

    node_modules/typescript/lib/lib.dom.d.ts:43888:12:
[37m      43888 │ declare var [32moninput[37m: ((this: Window, ev: InputEvent) => any) | ...
            ╵             [32m~~~~~~~[0m


[31mX [41;31m[[41;97mERROR[41;31m][0m [1mTS2552: Cannot find name 'message'. Did you mean 'onmessage'?[0m [1m[35m[plugin angular-compiler][0m

    src/app/shared/components/message-box/message-box.ts:11:0:
[37m      11 │ [32mmessage[37m-input ('¿Estas seguro de realizar esta accion?");
         ╵ [32m~~~~~~~[0m

  'onmessage' is declared here.

    node_modules/typescript/lib/lib.dom.d.ts:44052:12:
[37m      44052 │ declare var [32monmessage[37m: ((this: Window, ev: MessageEvent) => any...
            ╵             [32m~~~~~~~~~[0m


[31mX [41;31m[[41;97mERROR[41;31m][0m [1mTS2552: Cannot find name 'input'. Did you mean 'oninput'?[0m [1m[35m[plugin angular-compiler][0m

    src/app/shared/components/message-box/message-box.ts:11:8:
[37m      11 │ message-[32minput[37m ('¿Estas seguro de realizar esta accion?");
         ╵         [32m~~~~~[0m

  'oninput' is declared here.

    node_modules/typescript/lib/lib.dom.d.ts:43888:12:
[37m      43888 │ declare var [32moninput[37m: ((this: Window, ev: InputEvent) => any) | ...
            ╵             [32m~~~~~~~[0m


[31mX [41;31m[[41;97mERROR[41;31m][0m [1mTS1002: Unterminated string literal.[0m [1m[35m[plugin angular-compiler][0m

    src/app/shared/components/message-box/message-box.ts:11:57:
[37m      11 │ message-input ('¿Estas seguro de realizar esta accion?")[32m[37m;
         ╵                                                         [32m^[0m


[31mX [41;31m[[41;97mERROR[41;31m][0m [1mTS1005: ',' expected.[0m [1m[35m[plugin angular-compiler][0m

    src/app/shared/components/message-box/message-box.ts:12:3:
[37m      12 │    [32mconfirmtext[37m-input ("Confirmar"); canceltext-input('Cancelar");
         ╵    [32m~~~~~~~~~~~[0m


[31mX [41;31m[[41;97mERROR[41;31m][0m [1mTS2304: Cannot find name 'confirmtext'.[0m [1m[35m[plugin angular-compiler][0m

    src/app/shared/components/message-box/message-box.ts:12:3:
[37m      12 │    [32mconfirmtext[37m-input ("Confirmar"); canceltext-input('Cancelar");
         ╵    [32m~~~~~~~~~~~[0m


[31mX [41;31m[[41;97mERROR[41;31m][0m [1mTS2552: Cannot find name 'input'. Did you mean 'oninput'?[0m [1m[35m[plugin angular-compiler][0m

    src/app/shared/components/message-box/message-box.ts:12:15:
[37m      12 │    confirmtext-[32minput[37m ("Confirmar"); canceltext-input('Cancelar");
         ╵                [32m~~~~~[0m

  'oninput' is declared here.

    node_modules/typescript/lib/lib.dom.d.ts:43888:12:
[37m      43888 │ declare var [32moninput[37m: ((this: Window, ev: InputEvent) => any) | ...
            ╵             [32m~~~~~~~[0m


[31mX [41;31m[[41;97mERROR[41;31m][0m [1mTS1005: ')' expected.[0m [1m[35m[plugin angular-compiler][0m

    src/app/shared/components/message-box/message-box.ts:12:34:
[37m      12 │    confirmtext-input ("Confirmar")[32m;[37m canceltext-input('Cancelar");
         ╵                                   [32m^[0m


[31mX [41;31m[[41;97mERROR[41;31m][0m [1mTS2304: Cannot find name 'canceltext'.[0m [1m[35m[plugin angular-compiler][0m

    src/app/shared/components/message-box/message-box.ts:12:36:
[37m      12 │    confirmtext-input ("Confirmar"); [32mcanceltext[37m-input('Cancelar");
         ╵                                     [32m~~~~~~~~~~[0m


[31mX [41;31m[[41;97mERROR[41;31m][0m [1mTS2552: Cannot find name 'input'. Did you mean 'oninput'?[0m [1m[35m[plugin angular-compiler][0m

    src/app/shared/components/message-box/message-box.ts:12:47:
[37m      12 │    confirmtext-input ("Confirmar"); canceltext-[32minput[37m('Cancelar");
         ╵                                                [32m~~~~~[0m

  'oninput' is declared here.

    node_modules/typescript/lib/lib.dom.d.ts:43888:12:
[37m      43888 │ declare var [32moninput[37m: ((this: Window, ev: InputEvent) => any) | ...
            ╵             [32m~~~~~~~[0m


[31mX [41;31m[[41;97mERROR[41;31m][0m [1mTS1002: Unterminated string literal.[0m [1m[35m[plugin angular-compiler][0m

    src/app/shared/components/message-box/message-box.ts:12:65:
[37m      12 │    confirmtext-input ("Confirmar"); canceltext-input('Cancelar");[32m[37m
         ╵                                                                  [32m^[0m


[31mX [41;31m[[41;97mERROR[41;31m][0m [1mTS1005: ',' expected.[0m [1m[35m[plugin angular-compiler][0m

    src/app/shared/components/message-box/message-box.ts:14:0:
[37m      14 │ [32mconfirm[37m=output<void>();
         ╵ [32m~~~~~~~[0m


[31mX [41;31m[[41;97mERROR[41;31m][0m [1mTS2630: Cannot assign to 'confirm' because it is a function.[0m [1m[35m[plugin angular-compiler][0m

    src/app/shared/components/message-box/message-box.ts:14:0:
[37m      14 │ [32mconfirm[37m=output<void>();
         ╵ [32m~~~~~~~[0m


[31mX [41;31m[[41;97mERROR[41;31m][0m [1mTS2304: Cannot find name 'output'.[0m [1m[35m[plugin angular-compiler][0m

    src/app/shared/components/message-box/message-box.ts:14:8:
[37m      14 │ confirm=[32moutput[37m<void>();
         ╵         [32m~~~~~~[0m


[31mX [41;31m[[41;97mERROR[41;31m][0m [1mTS1005: ')' expected.[0m [1m[35m[plugin angular-compiler][0m

    src/app/shared/components/message-box/message-box.ts:14:22:
[37m      14 │ confirm=output<void>()[32m;[37m
         ╵                       [32m^[0m


[31mX [41;31m[[41;97mERROR[41;31m][0m [1mTS2304: Cannot find name 'cancelar'.[0m [1m[35m[plugin angular-compiler][0m

    src/app/shared/components/message-box/message-box.ts:15:0:
[37m      15 │ [32mcancelar[37m=output<void>();
         ╵ [32m~~~~~~~~[0m


[31mX [41;31m[[41;97mERROR[41;31m][0m [1mTS2304: Cannot find name 'output'.[0m [1m[35m[plugin angular-compiler][0m

    src/app/shared/components/message-box/message-box.ts:15:9:
[37m      15 │ cancelar=[32moutput[37m<void>();
         ╵          [32m~~~~~~[0m


[31mX [41;31m[[41;97mERROR[41;31m][0m [1mTS1128: Declaration or statement expected.[0m [1m[35m[plugin angular-compiler][0m

    src/app/shared/components/message-box/message-box.ts:17:0:
[37m      17 │ [32m}[37m
         ╵ [32m^[0m


[33m▲ [43;33m[[43;30mWARNING[43;33m][0m [1mNG8113: All imports are unused[0m [1m[35m[plugin angular-compiler][0m

    src/app/app.ts:6:2:
[37m      6 │   [32mimports[37m: [RouterOutlet],
        ╵   [32m~~~~~~~[0m


[31mX [41;31m[[41;97mERROR[41;31m][0m [1mNG5002: Unexpected closing tag "router-oulet". It may happen when the tag has already been closed by another tag. For more info see https://www.w3.org/TR/html5/syntax.html#closing-elements-that-have-implied-end-tags[0m [1m[35m[plugin angular-compiler][0m

    src/app/app.html:0:0:
[37m      0 │ [32m[37m
        ╵ [32m^[0m

  Error occurs in the template of component App.

    src/app/app.ts:7:15:
[37m      7 │   templateUrl: [32m'./app.html'[37m,
        ╵                [32m~~~~~~~~~~~~[0m


[31mX [41;31m[[41;97mERROR[41;31m][0m [1mTS1434: Unexpected keyword or identifier.[0m [1m[35m[plugin angular-compiler][0m

    src/app/shared/components/message-box/message-box.ts:10:2:
[37m      10 │   [32mtittle[37m-input('confirmar accion');
         ╵   [32m~~~~~~[0m


[31mX [41;31m[[41;97mERROR[41;31m][0m [1mTS7008: Member 'tittle' implicitly has an 'any' type.[0m [1m[35m[plugin angular-compiler][0m

    src/app/shared/components/message-box/message-box.ts:10:2:
[37m      10 │   [32mtittle[37m-input('confirmar accion');
         ╵   [32m~~~~~~[0m


[31mX [41;31m[[41;97mERROR[41;31m][0m [1mTS1068: Unexpected token. A constructor, method, accessor, or property was expected.[0m [1m[35m[plugin angular-compiler][0m

    src/app/shared/components/message-box/message-box.ts:10:8:
[37m      10 │   tittle[32m-[37minput('confirmar accion');
         ╵         [32m^[0m


[31mX [41;31m[[41;97mERROR[41;31m][0m [1mTS2552: Cannot find name 'input'. Did you mean 'oninput'?[0m [1m[35m[plugin angular-compiler][0m

    src/app/shared/components/message-box/message-box.ts:10:9:
[37m      10 │   tittle-[32minput[37m('confirmar accion');
         ╵          [32m~~~~~[0m

  'oninput' is declared here.

    node_modules/typescript/lib/lib.dom.d.ts:43888:12:
[37m      43888 │ declare var [32moninput[37m: ((this: Window, ev: InputEvent) => any) | ...
            ╵             [32m~~~~~~~[0m


[31mX [41;31m[[41;97mERROR[41;31m][0m [1mTS2552: Cannot find name 'message'. Did you mean 'onmessage'?[0m [1m[35m[plugin angular-compiler][0m

    src/app/shared/components/message-box/message-box.ts:11:0:
[37m      11 │ [32mmessage[37m-input ('¿Estas seguro de realizar esta accion?");
         ╵ [32m~~~~~~~[0m

  'onmessage' is declared here.

    node_modules/typescript/lib/lib.dom.d.ts:44052:12:
[37m      44052 │ declare var [32monmessage[37m: ((this: Window, ev: MessageEvent) => any...
            ╵             [32m~~~~~~~~~[0m


[31mX [41;31m[[41;97mERROR[41;31m][0m [1mTS2552: Cannot find name 'input'. Did you mean 'oninput'?[0m [1m[35m[plugin angular-compiler][0m

    src/app/shared/components/message-box/message-box.ts:11:8:
[37m      11 │ message-[32minput[37m ('¿Estas seguro de realizar esta accion?");
         ╵         [32m~~~~~[0m

  'oninput' is declared here.

    node_modules/typescript/lib/lib.dom.d.ts:43888:12:
[37m      43888 │ declare var [32moninput[37m: ((this: Window, ev: InputEvent) => any) | ...
            ╵             [32m~~~~~~~[0m


[31mX [41;31m[[41;97mERROR[41;31m][0m [1mTS1002: Unterminated string literal.[0m [1m[35m[plugin angular-compiler][0m

    src/app/shared/components/message-box/message-box.ts:11:57:
[37m      11 │ message-input ('¿Estas seguro de realizar esta accion?")[32m[37m;
         ╵                                                         [32m^[0m


[31mX [41;31m[[41;97mERROR[41;31m][0m [1mTS1005: ',' expected.[0m [1m[35m[plugin angular-compiler][0m

    src/app/shared/components/message-box/message-box.ts:12:0:
[37m      12 │ [32mconfirmtext[37m-input ("Confirmar"); canceltext-input('Cancelar");
         ╵ [32m~~~~~~~~~~~[0m


[31mX [41;31m[[41;97mERROR[41;31m][0m [1mTS2304: Cannot find name 'confirmtext'.[0m [1m[35m[plugin angular-compiler][0m

    src/app/shared/components/message-box/message-box.ts:12:0:
[37m      12 │ [32mconfirmtext[37m-input ("Confirmar"); canceltext-input('Cancelar");
         ╵ [32m~~~~~~~~~~~[0m


[31mX [41;31m[[41;97mERROR[41;31m][0m [1mTS2552: Cannot find name 'input'. Did you mean 'oninput'?[0m [1m[35m[plugin angular-compiler][0m

    src/app/shared/components/message-box/message-box.ts:12:12:
[37m      12 │ confirmtext-[32minput[37m ("Confirmar"); canceltext-input('Cancelar");
         ╵             [32m~~~~~[0m

  'oninput' is declared here.

    node_modules/typescript/lib/lib.dom.d.ts:43888:12:
[37m      43888 │ declare var [32moninput[37m: ((this: Window, ev: InputEvent) => any) | ...
            ╵             [32m~~~~~~~[0m


[31mX [41;31m[[41;97mERROR[41;31m][0m [1mTS1005: ')' expected.[0m [1m[35m[plugin angular-compiler][0m

    src/app/shared/components/message-box/message-box.ts:12:31:
[37m      12 │ confirmtext-input ("Confirmar")[32m;[37m canceltext-input('Cancelar");
         ╵                                [32m^[0m


[31mX [41;31m[[41;97mERROR[41;31m][0m [1mTS2304: Cannot find name 'canceltext'.[0m [1m[35m[plugin angular-compiler][0m

    src/app/shared/components/message-box/message-box.ts:12:33:
[37m      12 │ confirmtext-input ("Confirmar"); [32mcanceltext[37m-input('Cancelar");
         ╵                                  [32m~~~~~~~~~~[0m


[31mX [41;31m[[41;97mERROR[41;31m][0m [1mTS2552: Cannot find name 'input'. Did you mean 'oninput'?[0m [1m[35m[plugin angular-compiler][0m

    src/app/shared/components/message-box/message-box.ts:12:44:
[37m      12 │ confirmtext-input ("Confirmar"); canceltext-[32minput[37m('Cancelar");
         ╵                                             [32m~~~~~[0m

  'oninput' is declared here.

    node_modules/typescript/lib/lib.dom.d.ts:43888:12:
[37m      43888 │ declare var [32moninput[37m: ((this: Window, ev: InputEvent) => any) | ...
            ╵             [32m~~~~~~~[0m


[31mX [41;31m[[41;97mERROR[41;31m][0m [1mTS1002: Unterminated string literal.[0m [1m[35m[plugin angular-compiler][0m

    src/app/shared/components/message-box/message-box.ts:12:62:
[37m      12 │ confirmtext-input ("Confirmar"); canceltext-input('Cancelar");[32m[37m
         ╵                                                               [32m^[0m


[31mX [41;31m[[41;97mERROR[41;31m][0m [1mTS1005: ',' expected.[0m [1m[35m[plugin angular-compiler][0m

    src/app/shared/components/message-box/message-box.ts:14:0:
[37m      14 │ [32mconfirm[37m=output<void>();
         ╵ [32m~~~~~~~[0m


[31mX [41;31m[[41;97mERROR[41;31m][0m [1mTS2630: Cannot assign to 'confirm' because it is a function.[0m [1m[35m[plugin angular-compiler][0m

    src/app/shared/components/message-box/message-box.ts:14:0:
[37m      14 │ [32mconfirm[37m=output<void>();
         ╵ [32m~~~~~~~[0m


[31mX [41;31m[[41;97mERROR[41;31m][0m [1mTS2304: Cannot find name 'output'.[0m [1m[35m[plugin angular-compiler][0m

    src/app/shared/components/message-box/message-box.ts:14:8:
[37m      14 │ confirm=[32moutput[37m<void>();
         ╵         [32m~~~~~~[0m


[31mX [41;31m[[41;97mERROR[41;31m][0m [1mTS1005: ')' expected.[0m [1m[35m[plugin angular-compiler][0m

    src/app/shared/components/message-box/message-box.ts:14:22:
[37m      14 │ confirm=output<void>()[32m;[37m
         ╵                       [32m^[0m


[31mX [41;31m[[41;97mERROR[41;31m][0m [1mTS2304: Cannot find name 'cancelar'.[0m [1m[35m[plugin angular-compiler][0m

    src/app/shared/components/message-box/message-box.ts:15:0:
[37m      15 │ [32mcancelar[37m=output<void>();
         ╵ [32m~~~~~~~~[0m


[31mX [41;31m[[41;97mERROR[41;31m][0m [1mTS2304: Cannot find name 'output'.[0m [1m[35m[plugin angular-compiler][0m

    src/app/shared/components/message-box/message-box.ts:15:9:
[37m      15 │ cancelar=[32moutput[37m<void>();
         ╵          [32m~~~~~~[0m


[31mX [41;31m[[41;97mERROR[41;31m][0m [1mTS1128: Declaration or statement expected.[0m [1m[35m[plugin angular-compiler][0m

    src/app/shared/components/message-box/message-box.ts:17:0:
[37m      17 │ [32m}[37m
         ╵ [32m^[0m


[33m▲ [43;33m[[43;30mWARNING[43;33m][0m [1mNG8113: All imports are unused[0m [1m[35m[plugin angular-compiler][0m

    src/app/app.ts:6:2:
[37m      6 │   [32mimports[37m: [RouterOutlet],
        ╵   [32m~~~~~~~[0m


[31mX [41;31m[[41;97mERROR[41;31m][0m [1mNG5002: Unexpected closing tag "router-oulet". It may happen when the tag has already been closed by another tag. For more info see https://www.w3.org/TR/html5/syntax.html#closing-elements-that-have-implied-end-tags[0m [1m[35m[plugin angular-compiler][0m

    src/app/app.html:0:0:
[37m      0 │ [32m[37m
        ╵ [32m^[0m

  Error occurs in the template of component App.

    src/app/app.ts:7:15:
[37m      7 │   templateUrl: [32m'./app.html'[37m,
        ╵                [32m~~~~~~~~~~~~[0m


[31mX [41;31m[[41;97mERROR[41;31m][0m [1mTS1434: Unexpected keyword or identifier.[0m [1m[35m[plugin angular-compiler][0m

    src/app/shared/components/message-box/message-box.ts:10:2:
[37m      10 │   [32mtittle[37m-input('confirmar accion');
         ╵   [32m~~~~~~[0m


[31mX [41;31m[[41;97mERROR[41;31m][0m [1mTS7008: Member 'tittle' implicitly has an 'any' type.[0m [1m[35m[plugin angular-compiler][0m

    src/app/shared/components/message-box/message-box.ts:10:2:
[37m      10 │   [32mtittle[37m-input('confirmar accion');
         ╵   [32m~~~~~~[0m


[31mX [41;31m[[41;97mERROR[41;31m][0m [1mTS1068: Unexpected token. A constructor, method, accessor, or property was expected.[0m [1m[35m[plugin angular-compiler][0m

    src/app/shared/components/message-box/message-box.ts:10:8:
[37m      10 │   tittle[32m-[37minput('confirmar accion');
         ╵         [32m^[0m


[31mX [41;31m[[41;97mERROR[41;31m][0m [1mTS2552: Cannot find name 'input'. Did you mean 'oninput'?[0m [1m[35m[plugin angular-compiler][0m

    src/app/shared/components/message-box/message-box.ts:10:9:
[37m      10 │   tittle-[32minput[37m('confirmar accion');
         ╵          [32m~~~~~[0m

  'oninput' is declared here.

    node_modules/typescript/lib/lib.dom.d.ts:43888:12:
[37m      43888 │ declare var [32moninput[37m: ((this: Window, ev: InputEvent) => any) | ...
            ╵             [32m~~~~~~~[0m


[31mX [41;31m[[41;97mERROR[41;31m][0m [1mTS2552: Cannot find name 'message'. Did you mean 'onmessage'?[0m [1m[35m[plugin angular-compiler][0m

    src/app/shared/components/message-box/message-box.ts:11:0:
[37m      11 │ [32mmessage[37m-input ('¿Estas seguro de realizar esta accion?");
         ╵ [32m~~~~~~~[0m

  'onmessage' is declared here.

    node_modules/typescript/lib/lib.dom.d.ts:44052:12:
[37m      44052 │ declare var [32monmessage[37m: ((this: Window, ev: MessageEvent) => any...
            ╵             [32m~~~~~~~~~[0m


[31mX [41;31m[[41;97mERROR[41;31m][0m [1mTS2552: Cannot find name 'input'. Did you mean 'oninput'?[0m [1m[35m[plugin angular-compiler][0m

    src/app/shared/components/message-box/message-box.ts:11:8:
[37m      11 │ message-[32minput[37m ('¿Estas seguro de realizar esta accion?");
         ╵         [32m~~~~~[0m

  'oninput' is declared here.

    node_modules/typescript/lib/lib.dom.d.ts:43888:12:
[37m      43888 │ declare var [32moninput[37m: ((this: Window, ev: InputEvent) => any) | ...
            ╵             [32m~~~~~~~[0m


[31mX [41;31m[[41;97mERROR[41;31m][0m [1mTS1002: Unterminated string literal.[0m [1m[35m[plugin angular-compiler][0m

    src/app/shared/components/message-box/message-box.ts:11:57:
[37m      11 │ message-input ('¿Estas seguro de realizar esta accion?")[32m[37m;
         ╵                                                         [32m^[0m


[31mX [41;31m[[41;97mERROR[41;31m][0m [1mTS1005: ',' expected.[0m [1m[35m[plugin angular-compiler][0m

    src/app/shared/components/message-box/message-box.ts:12:0:
[37m      12 │ [32mconfirmtext[37m-input ("Confirmar");
         ╵ [32m~~~~~~~~~~~[0m


[31mX [41;31m[[41;97mERROR[41;31m][0m [1mTS2304: Cannot find name 'confirmtext'.[0m [1m[35m[plugin angular-compiler][0m

    src/app/shared/components/message-box/message-box.ts:12:0:
[37m      12 │ [32mconfirmtext[37m-input ("Confirmar");
         ╵ [32m~~~~~~~~~~~[0m


[31mX [41;31m[[41;97mERROR[41;31m][0m [1mTS2552: Cannot find name 'input'. Did you mean 'oninput'?[0m [1m[35m[plugin angular-compiler][0m

    src/app/shared/components/message-box/message-box.ts:12:12:
[37m      12 │ confirmtext-[32minput[37m ("Confirmar");
         ╵             [32m~~~~~[0m

  'oninput' is declared here.

    node_modules/typescript/lib/lib.dom.d.ts:43888:12:
[37m      43888 │ declare var [32moninput[37m: ((this: Window, ev: InputEvent) => any) | ...
            ╵             [32m~~~~~~~[0m


[31mX [41;31m[[41;97mERROR[41;31m][0m [1mTS1005: ')' expected.[0m [1m[35m[plugin angular-compiler][0m

    src/app/shared/components/message-box/message-box.ts:12:31:
[37m      12 │ confirmtext-input ("Confirmar")[32m;[37m
         ╵                                [32m^[0m


[31mX [41;31m[[41;97mERROR[41;31m][0m [1mTS2304: Cannot find name 'canceltext'.[0m [1m[35m[plugin angular-compiler][0m

    src/app/shared/components/message-box/message-box.ts:13:1:
[37m      13 │  [32mcanceltext[37m-input('Cancelar");
         ╵  [32m~~~~~~~~~~[0m


[31mX [41;31m[[41;97mERROR[41;31m][0m [1mTS2552: Cannot find name 'input'. Did you mean 'oninput'?[0m [1m[35m[plugin angular-compiler][0m

    src/app/shared/components/message-box/message-box.ts:13:12:
[37m      13 │  canceltext-[32minput[37m('Cancelar");
         ╵             [32m~~~~~[0m

  'oninput' is declared here.

    node_modules/typescript/lib/lib.dom.d.ts:43888:12:
[37m      43888 │ declare var [32moninput[37m: ((this: Window, ev: InputEvent) => any) | ...
            ╵             [32m~~~~~~~[0m


[31mX [41;31m[[41;97mERROR[41;31m][0m [1mTS1002: Unterminated string literal.[0m [1m[35m[plugin angular-compiler][0m

    src/app/shared/components/message-box/message-box.ts:13:30:
[37m      13 │  canceltext-input('Cancelar");[32m[37m
         ╵                               [32m^[0m


[31mX [41;31m[[41;97mERROR[41;31m][0m [1mTS1005: ',' expected.[0m [1m[35m[plugin angular-compiler][0m

    src/app/shared/components/message-box/message-box.ts:15:0:
[37m      15 │ [32mconfirm[37m=output<void>();
         ╵ [32m~~~~~~~[0m


[31mX [41;31m[[41;97mERROR[41;31m][0m [1mTS2630: Cannot assign to 'confirm' because it is a function.[0m [1m[35m[plugin angular-compiler][0m

    src/app/shared/components/message-box/message-box.ts:15:0:
[37m      15 │ [32mconfirm[37m=output<void>();
         ╵ [32m~~~~~~~[0m


[31mX [41;31m[[41;97mERROR[41;31m][0m [1mTS2304: Cannot find name 'output'.[0m [1m[35m[plugin angular-compiler][0m

    src/app/shared/components/message-box/message-box.ts:15:8:
[37m      15 │ confirm=[32moutput[37m<void>();
         ╵         [32m~~~~~~[0m


[31mX [41;31m[[41;97mERROR[41;31m][0m [1mTS1005: ')' expected.[0m [1m[35m[plugin angular-compiler][0m

    src/app/shared/components/message-box/message-box.ts:15:22:
[37m      15 │ confirm=output<void>()[32m;[37m
         ╵                       [32m^[0m


[31mX [41;31m[[41;97mERROR[41;31m][0m [1mTS2304: Cannot find name 'cancelar'.[0m [1m[35m[plugin angular-compiler][0m

    src/app/shared/components/message-box/message-box.ts:16:0:
[37m      16 │ [32mcancelar[37m=output<void>();
         ╵ [32m~~~~~~~~[0m


[31mX [41;31m[[41;97mERROR[41;31m][0m [1mTS2304: Cannot find name 'output'.[0m [1m[35m[plugin angular-compiler][0m

    src/app/shared/components/message-box/message-box.ts:16:9:
[37m      16 │ cancelar=[32moutput[37m<void>();
         ╵          [32m~~~~~~[0m


[31mX [41;31m[[41;97mERROR[41;31m][0m [1mTS1128: Declaration or statement expected.[0m [1m[35m[plugin angular-compiler][0m

    src/app/shared/components/message-box/message-box.ts:18:0:
[37m      18 │ [32m}[37m
         ╵ [32m^[0m


[33m▲ [43;33m[[43;30mWARNING[43;33m][0m [1mNG8113: All imports are unused[0m [1m[35m[plugin angular-compiler][0m

    src/app/app.ts:6:2:
[37m      6 │   [32mimports[37m: [RouterOutlet],
        ╵   [32m~~~~~~~[0m


[31mX [41;31m[[41;97mERROR[41;31m][0m [1mNG5002: Unexpected closing tag "router-oulet". It may happen when the tag has already been closed by another tag. For more info see https://www.w3.org/TR/html5/syntax.html#closing-elements-that-have-implied-end-tags[0m [1m[35m[plugin angular-compiler][0m

    src/app/app.html:0:0:
[37m      0 │ [32m[37m
        ╵ [32m^[0m

  Error occurs in the template of component App.

    src/app/app.ts:7:15:
[37m      7 │   templateUrl: [32m'./app.html'[37m,
        ╵                [32m~~~~~~~~~~~~[0m


[31mX [41;31m[[41;97mERROR[41;31m][0m [1mTS1434: Unexpected keyword or identifier.[0m [1m[35m[plugin angular-compiler][0m

    src/app/shared/components/message-box/message-box.ts:10:2:
[37m      10 │   [32mtittle[37m-input('confirmar accion');
         ╵   [32m~~~~~~[0m


[31mX [41;31m[[41;97mERROR[41;31m][0m [1mTS7008: Member 'tittle' implicitly has an 'any' type.[0m [1m[35m[plugin angular-compiler][0m

    src/app/shared/components/message-box/message-box.ts:10:2:
[37m      10 │   [32mtittle[37m-input('confirmar accion');
         ╵   [32m~~~~~~[0m


[31mX [41;31m[[41;97mERROR[41;31m][0m [1mTS1068: Unexpected token. A constructor, method, accessor, or property was expected.[0m [1m[35m[plugin angular-compiler][0m

    src/app/shared/components/message-box/message-box.ts:10:8:
[37m      10 │   tittle[32m-[37minput('confirmar accion');
         ╵         [32m^[0m


[31mX [41;31m[[41;97mERROR[41;31m][0m [1mTS2552: Cannot find name 'input'. Did you mean 'oninput'?[0m [1m[35m[plugin angular-compiler][0m

    src/app/shared/components/message-box/message-box.ts:10:9:
[37m      10 │   tittle-[32minput[37m('confirmar accion');
         ╵          [32m~~~~~[0m

  'oninput' is declared here.

    node_modules/typescript/lib/lib.dom.d.ts:43888:12:
[37m      43888 │ declare var [32moninput[37m: ((this: Window, ev: InputEvent) => any) | ...
            ╵             [32m~~~~~~~[0m


[31mX [41;31m[[41;97mERROR[41;31m][0m [1mTS2552: Cannot find name 'message'. Did you mean 'onmessage'?[0m [1m[35m[plugin angular-compiler][0m

    src/app/shared/components/message-box/message-box.ts:11:0:
[37m      11 │ [32mmessage[37m-input ('¿Estas seguro de realizar esta accion?");
         ╵ [32m~~~~~~~[0m

  'onmessage' is declared here.

    node_modules/typescript/lib/lib.dom.d.ts:44052:12:
[37m      44052 │ declare var [32monmessage[37m: ((this: Window, ev: MessageEvent) => any...
            ╵             [32m~~~~~~~~~[0m


[31mX [41;31m[[41;97mERROR[41;31m][0m [1mTS2552: Cannot find name 'input'. Did you mean 'oninput'?[0m [1m[35m[plugin angular-compiler][0m

    src/app/shared/components/message-box/message-box.ts:11:8:
[37m      11 │ message-[32minput[37m ('¿Estas seguro de realizar esta accion?");
         ╵         [32m~~~~~[0m

  'oninput' is declared here.

    node_modules/typescript/lib/lib.dom.d.ts:43888:12:
[37m      43888 │ declare var [32moninput[37m: ((this: Window, ev: InputEvent) => any) | ...
            ╵             [32m~~~~~~~[0m


[31mX [41;31m[[41;97mERROR[41;31m][0m [1mTS1002: Unterminated string literal.[0m [1m[35m[plugin angular-compiler][0m

    src/app/shared/components/message-box/message-box.ts:11:57:
[37m      11 │ message-input ('¿Estas seguro de realizar esta accion?")[32m[37m;
         ╵                                                         [32m^[0m


[31mX [41;31m[[41;97mERROR[41;31m][0m [1mTS1005: ',' expected.[0m [1m[35m[plugin angular-compiler][0m

    src/app/shared/components/message-box/message-box.ts:12:0:
[37m      12 │ [32mconfirmtext[37m-input ("Confirmar");
         ╵ [32m~~~~~~~~~~~[0m


[31mX [41;31m[[41;97mERROR[41;31m][0m [1mTS2304: Cannot find name 'confirmtext'.[0m [1m[35m[plugin angular-compiler][0m

    src/app/shared/components/message-box/message-box.ts:12:0:
[37m      12 │ [32mconfirmtext[37m-input ("Confirmar");
         ╵ [32m~~~~~~~~~~~[0m


[31mX [41;31m[[41;97mERROR[41;31m][0m [1mTS2552: Cannot find name 'input'. Did you mean 'oninput'?[0m [1m[35m[plugin angular-compiler][0m

    src/app/shared/components/message-box/message-box.ts:12:12:
[37m      12 │ confirmtext-[32minput[37m ("Confirmar");
         ╵             [32m~~~~~[0m

  'oninput' is declared here.

    node_modules/typescript/lib/lib.dom.d.ts:43888:12:
[37m      43888 │ declare var [32moninput[37m: ((this: Window, ev: InputEvent) => any) | ...
            ╵             [32m~~~~~~~[0m


[31mX [41;31m[[41;97mERROR[41;31m][0m [1mTS1005: ')' expected.[0m [1m[35m[plugin angular-compiler][0m

    src/app/shared/components/message-box/message-box.ts:12:31:
[37m      12 │ confirmtext-input ("Confirmar")[32m;[37m
         ╵                                [32m^[0m


[31mX [41;31m[[41;97mERROR[41;31m][0m [1mTS2304: Cannot find name 'canceltext'.[0m [1m[35m[plugin angular-compiler][0m

    src/app/shared/components/message-box/message-box.ts:13:0:
[37m      13 │ [32mcanceltext[37m-input('Cancelar");
         ╵ [32m~~~~~~~~~~[0m


[31mX [41;31m[[41;97mERROR[41;31m][0m [1mTS2552: Cannot find name 'input'. Did you mean 'oninput'?[0m [1m[35m[plugin angular-compiler][0m

    src/app/shared/components/message-box/message-box.ts:13:11:
[37m      13 │ canceltext-[32minput[37m('Cancelar");
         ╵            [32m~~~~~[0m

  'oninput' is declared here.

    node_modules/typescript/lib/lib.dom.d.ts:43888:12:
[37m      43888 │ declare var [32moninput[37m: ((this: Window, ev: InputEvent) => any) | ...
            ╵             [32m~~~~~~~[0m


[31mX [41;31m[[41;97mERROR[41;31m][0m [1mTS1002: Unterminated string literal.[0m [1m[35m[plugin angular-compiler][0m

    src/app/shared/components/message-box/message-box.ts:13:29:
[37m      13 │ canceltext-input('Cancelar");[32m[37m
         ╵                              [32m^[0m


[31mX [41;31m[[41;97mERROR[41;31m][0m [1mTS1005: ',' expected.[0m [1m[35m[plugin angular-compiler][0m

    src/app/shared/components/message-box/message-box.ts:15:0:
[37m      15 │ [32mconfirm[37m=output<void>();
         ╵ [32m~~~~~~~[0m


[31mX [41;31m[[41;97mERROR[41;31m][0m [1mTS2630: Cannot assign to 'confirm' because it is a function.[0m [1m[35m[plugin angular-compiler][0m

    src/app/shared/components/message-box/message-box.ts:15:0:
[37m      15 │ [32mconfirm[37m=output<void>();
         ╵ [32m~~~~~~~[0m


[31mX [41;31m[[41;97mERROR[41;31m][0m [1mTS2304: Cannot find name 'output'.[0m [1m[35m[plugin angular-compiler][0m

    src/app/shared/components/message-box/message-box.ts:15:8:
[37m      15 │ confirm=[32moutput[37m<void>();
         ╵         [32m~~~~~~[0m


[31mX [41;31m[[41;97mERROR[41;31m][0m [1mTS1005: ')' expected.[0m [1m[35m[plugin angular-compiler][0m

    src/app/shared/components/message-box/message-box.ts:15:22:
[37m      15 │ confirm=output<void>()[32m;[37m
         ╵                       [32m^[0m


[31mX [41;31m[[41;97mERROR[41;31m][0m [1mTS2304: Cannot find name 'cancelar'.[0m [1m[35m[plugin angular-compiler][0m

    src/app/shared/components/message-box/message-box.ts:16:0:
[37m      16 │ [32mcancelar[37m=output<void>();
         ╵ [32m~~~~~~~~[0m


[31mX [41;31m[[41;97mERROR[41;31m][0m [1mTS2304: Cannot find name 'output'.[0m [1m[35m[plugin angular-compiler][0m

    src/app/shared/components/message-box/message-box.ts:16:9:
[37m      16 │ cancelar=[32moutput[37m<void>();
         ╵          [32m~~~~~~[0m


[31mX [41;31m[[41;97mERROR[41;31m][0m [1mTS1128: Declaration or statement expected.[0m [1m[35m[plugin angular-compiler][0m

    src/app/shared/components/message-box/message-box.ts:18:0:
[37m      18 │ [32m}[37m
         ╵ [32m^[0m


[33m▲ [43;33m[[43;30mWARNING[43;33m][0m [1mNG8113: All imports are unused[0m [1m[35m[plugin angular-compiler][0m

    src/app/app.ts:6:2:
[37m      6 │   [32mimports[37m: [RouterOutlet],
        ╵   [32m~~~~~~~[0m


[31mX [41;31m[[41;97mERROR[41;31m][0m [1mNG5002: Unexpected closing tag "router-oulet". It may happen when the tag has already been closed by another tag. For more info see https://www.w3.org/TR/html5/syntax.html#closing-elements-that-have-implied-end-tags[0m [1m[35m[plugin angular-compiler][0m

    src/app/app.html:0:0:
[37m      0 │ [32m[37m
        ╵ [32m^[0m

  Error occurs in the template of component App.

    src/app/app.ts:7:15:
[37m      7 │   templateUrl: [32m'./app.html'[37m,
        ╵                [32m~~~~~~~~~~~~[0m


[31mX [41;31m[[41;97mERROR[41;31m][0m [1mTS1434: Unexpected keyword or identifier.[0m [1m[35m[plugin angular-compiler][0m

    src/app/shared/components/message-box/message-box.ts:10:0:
[37m      10 │ [32mtittle[37m-input('confirmar accion');
         ╵ [32m~~~~~~[0m


[31mX [41;31m[[41;97mERROR[41;31m][0m [1mTS7008: Member 'tittle' implicitly has an 'any' type.[0m [1m[35m[plugin angular-compiler][0m

    src/app/shared/components/message-box/message-box.ts:10:0:
[37m      10 │ [32mtittle[37m-input('confirmar accion');
         ╵ [32m~~~~~~[0m


[31mX [41;31m[[41;97mERROR[41;31m][0m [1mTS1068: Unexpected token. A constructor, method, accessor, or property was expected.[0m [1m[35m[plugin angular-compiler][0m

    src/app/shared/components/message-box/message-box.ts:10:6:
[37m      10 │ tittle[32m-[37minput('confirmar accion');
         ╵       [32m^[0m


[31mX [41;31m[[41;97mERROR[41;31m][0m [1mTS2552: Cannot find name 'input'. Did you mean 'oninput'?[0m [1m[35m[plugin angular-compiler][0m

    src/app/shared/components/message-box/message-box.ts:10:7:
[37m      10 │ tittle-[32minput[37m('confirmar accion');
         ╵        [32m~~~~~[0m

  'oninput' is declared here.

    node_modules/typescript/lib/lib.dom.d.ts:43888:12:
[37m      43888 │ declare var [32moninput[37m: ((this: Window, ev: InputEvent) => any) | ...
            ╵             [32m~~~~~~~[0m


[31mX [41;31m[[41;97mERROR[41;31m][0m [1mTS2552: Cannot find name 'message'. Did you mean 'onmessage'?[0m [1m[35m[plugin angular-compiler][0m

    src/app/shared/components/message-box/message-box.ts:11:0:
[37m      11 │ [32mmessage[37m-input ('¿Estas seguro de realizar esta accion?");
         ╵ [32m~~~~~~~[0m

  'onmessage' is declared here.

    node_modules/typescript/lib/lib.dom.d.ts:44052:12:
[37m      44052 │ declare var [32monmessage[37m: ((this: Window, ev: MessageEvent) => any...
            ╵             [32m~~~~~~~~~[0m


[31mX [41;31m[[41;97mERROR[41;31m][0m [1mTS2552: Cannot find name 'input'. Did you mean 'oninput'?[0m [1m[35m[plugin angular-compiler][0m

    src/app/shared/components/message-box/message-box.ts:11:8:
[37m      11 │ message-[32minput[37m ('¿Estas seguro de realizar esta accion?");
         ╵         [32m~~~~~[0m

  'oninput' is declared here.

    node_modules/typescript/lib/lib.dom.d.ts:43888:12:
[37m      43888 │ declare var [32moninput[37m: ((this: Window, ev: InputEvent) => any) | ...
            ╵             [32m~~~~~~~[0m


[31mX [41;31m[[41;97mERROR[41;31m][0m [1mTS1002: Unterminated string literal.[0m [1m[35m[plugin angular-compiler][0m

    src/app/shared/components/message-box/message-box.ts:11:57:
[37m      11 │ message-input ('¿Estas seguro de realizar esta accion?")[32m[37m;
         ╵                                                         [32m^[0m


[31mX [41;31m[[41;97mERROR[41;31m][0m [1mTS1005: ',' expected.[0m [1m[35m[plugin angular-compiler][0m

    src/app/shared/components/message-box/message-box.ts:12:0:
[37m      12 │ [32mconfirmtext[37m-input ("Confirmar");
         ╵ [32m~~~~~~~~~~~[0m


[31mX [41;31m[[41;97mERROR[41;31m][0m [1mTS2304: Cannot find name 'confirmtext'.[0m [1m[35m[plugin angular-compiler][0m

    src/app/shared/components/message-box/message-box.ts:12:0:
[37m      12 │ [32mconfirmtext[37m-input ("Confirmar");
         ╵ [32m~~~~~~~~~~~[0m


[31mX [41;31m[[41;97mERROR[41;31m][0m [1mTS2552: Cannot find name 'input'. Did you mean 'oninput'?[0m [1m[35m[plugin angular-compiler][0m

    src/app/shared/components/message-box/message-box.ts:12:12:
[37m      12 │ confirmtext-[32minput[37m ("Confirmar");
         ╵             [32m~~~~~[0m

  'oninput' is declared here.

    node_modules/typescript/lib/lib.dom.d.ts:43888:12:
[37m      43888 │ declare var [32moninput[37m: ((this: Window, ev: InputEvent) => any) | ...
            ╵             [32m~~~~~~~[0m


[31mX [41;31m[[41;97mERROR[41;31m][0m [1mTS1005: ')' expected.[0m [1m[35m[plugin angular-compiler][0m

    src/app/shared/components/message-box/message-box.ts:12:31:
[37m      12 │ confirmtext-input ("Confirmar")[32m;[37m
         ╵                                [32m^[0m


[31mX [41;31m[[41;97mERROR[41;31m][0m [1mTS2304: Cannot find name 'canceltext'.[0m [1m[35m[plugin angular-compiler][0m

    src/app/shared/components/message-box/message-box.ts:13:0:
[37m      13 │ [32mcanceltext[37m-input('Cancelar");
         ╵ [32m~~~~~~~~~~[0m


[31mX [41;31m[[41;97mERROR[41;31m][0m [1mTS2552: Cannot find name 'input'. Did you mean 'oninput'?[0m [1m[35m[plugin angular-compiler][0m

    src/app/shared/components/message-box/message-box.ts:13:11:
[37m      13 │ canceltext-[32minput[37m('Cancelar");
         ╵            [32m~~~~~[0m

  'oninput' is declared here.

    node_modules/typescript/lib/lib.dom.d.ts:43888:12:
[37m      43888 │ declare var [32moninput[37m: ((this: Window, ev: InputEvent) => any) | ...
            ╵             [32m~~~~~~~[0m


[31mX [41;31m[[41;97mERROR[41;31m][0m [1mTS1002: Unterminated string literal.[0m [1m[35m[plugin angular-compiler][0m

    src/app/shared/components/message-box/message-box.ts:13:29:
[37m      13 │ canceltext-input('Cancelar");[32m[37m
         ╵                              [32m^[0m


[31mX [41;31m[[41;97mERROR[41;31m][0m [1mTS1005: ',' expected.[0m [1m[35m[plugin angular-compiler][0m

    src/app/shared/components/message-box/message-box.ts:15:0:
[37m      15 │ [32mconfirm[37m=output<void>();
         ╵ [32m~~~~~~~[0m


[31mX [41;31m[[41;97mERROR[41;31m][0m [1mTS2630: Cannot assign to 'confirm' because it is a function.[0m [1m[35m[plugin angular-compiler][0m

    src/app/shared/components/message-box/message-box.ts:15:0:
[37m      15 │ [32mconfirm[37m=output<void>();
         ╵ [32m~~~~~~~[0m


[31mX [41;31m[[41;97mERROR[41;31m][0m [1mTS2304: Cannot find name 'output'.[0m [1m[35m[plugin angular-compiler][0m

    src/app/shared/components/message-box/message-box.ts:15:8:
[37m      15 │ confirm=[32moutput[37m<void>();
         ╵         [32m~~~~~~[0m


[31mX [41;31m[[41;97mERROR[41;31m][0m [1mTS1005: ')' expected.[0m [1m[35m[plugin angular-compiler][0m

    src/app/shared/components/message-box/message-box.ts:15:22:
[37m      15 │ confirm=output<void>()[32m;[37m
         ╵                       [32m^[0m


[31mX [41;31m[[41;97mERROR[41;31m][0m [1mTS2304: Cannot find name 'cancelar'.[0m [1m[35m[plugin angular-compiler][0m

    src/app/shared/components/message-box/message-box.ts:16:0:
[37m      16 │ [32mcancelar[37m=output<void>();
         ╵ [32m~~~~~~~~[0m


[31mX [41;31m[[41;97mERROR[41;31m][0m [1mTS2304: Cannot find name 'output'.[0m [1m[35m[plugin angular-compiler][0m

    src/app/shared/components/message-box/message-box.ts:16:9:
[37m      16 │ cancelar=[32moutput[37m<void>();
         ╵          [32m~~~~~~[0m


[31mX [41;31m[[41;97mERROR[41;31m][0m [1mTS1128: Declaration or statement expected.[0m [1m[35m[plugin angular-compiler][0m

    src/app/shared/components/message-box/message-box.ts:18:0:
[37m      18 │ [32m}[37m
         ╵ [32m^[0m


[33m▲ [43;33m[[43;30mWARNING[43;33m][0m [1mNG8113: All imports are unused[0m [1m[35m[plugin angular-compiler][0m

    src/app/app.ts:6:2:
[37m      6 │   [32mimports[37m: [RouterOutlet],
        ╵   [32m~~~~~~~[0m


[31mX [41;31m[[41;97mERROR[41;31m][0m [1mNG5002: Unexpected closing tag "router-oulet". It may happen when the tag has already been closed by another tag. For more info see https://www.w3.org/TR/html5/syntax.html#closing-elements-that-have-implied-end-tags[0m [1m[35m[plugin angular-compiler][0m

    src/app/app.html:0:0:
[37m      0 │ [32m[37m
        ╵ [32m^[0m

  Error occurs in the template of component App.

    src/app/app.ts:7:15:
[37m      7 │   templateUrl: [32m'./app.html'[37m,
        ╵                [32m~~~~~~~~~~~~[0m


[31mX [41;31m[[41;97mERROR[41;31m][0m [1mTS1434: Unexpected keyword or identifier.[0m [1m[35m[plugin angular-compiler][0m

    src/app/shared/components/message-box/message-box.ts:10:0:
[37m      10 │ [32mtittle[37m-input('confirmar accion');
         ╵ [32m~~~~~~[0m


[31mX [41;31m[[41;97mERROR[41;31m][0m [1mTS7008: Member 'tittle' implicitly has an 'any' type.[0m [1m[35m[plugin angular-compiler][0m

    src/app/shared/components/message-box/message-box.ts:10:0:
[37m      10 │ [32mtittle[37m-input('confirmar accion');
         ╵ [32m~~~~~~[0m


[31mX [41;31m[[41;97mERROR[41;31m][0m [1mTS1068: Unexpected token. A constructor, method, accessor, or property was expected.[0m [1m[35m[plugin angular-compiler][0m

    src/app/shared/components/message-box/message-box.ts:10:6:
[37m      10 │ tittle[32m-[37minput('confirmar accion');
         ╵       [32m^[0m


[31mX [41;31m[[41;97mERROR[41;31m][0m [1mTS2552: Cannot find name 'input'. Did you mean 'oninput'?[0m [1m[35m[plugin angular-compiler][0m

    src/app/shared/components/message-box/message-box.ts:10:7:
[37m      10 │ tittle-[32minput[37m('confirmar accion');
         ╵        [32m~~~~~[0m

  'oninput' is declared here.

    node_modules/typescript/lib/lib.dom.d.ts:43888:12:
[37m      43888 │ declare var [32moninput[37m: ((this: Window, ev: InputEvent) => any) | ...
            ╵             [32m~~~~~~~[0m


[31mX [41;31m[[41;97mERROR[41;31m][0m [1mTS2552: Cannot find name 'message'. Did you mean 'onmessage'?[0m [1m[35m[plugin angular-compiler][0m

    src/app/shared/components/message-box/message-box.ts:11:0:
[37m      11 │ [32mmessage[37m-input ('¿Estas seguro de realizar esta accion?");
         ╵ [32m~~~~~~~[0m

  'onmessage' is declared here.

    node_modules/typescript/lib/lib.dom.d.ts:44052:12:
[37m      44052 │ declare var [32monmessage[37m: ((this: Window, ev: MessageEvent) => any...
            ╵             [32m~~~~~~~~~[0m


[31mX [41;31m[[41;97mERROR[41;31m][0m [1mTS2552: Cannot find name 'input'. Did you mean 'oninput'?[0m [1m[35m[plugin angular-compiler][0m

    src/app/shared/components/message-box/message-box.ts:11:8:
[37m      11 │ message-[32minput[37m ('¿Estas seguro de realizar esta accion?");
         ╵         [32m~~~~~[0m

  'oninput' is declared here.

    node_modules/typescript/lib/lib.dom.d.ts:43888:12:
[37m      43888 │ declare var [32moninput[37m: ((this: Window, ev: InputEvent) => any) | ...
            ╵             [32m~~~~~~~[0m


[31mX [41;31m[[41;97mERROR[41;31m][0m [1mTS1002: Unterminated string literal.[0m [1m[35m[plugin angular-compiler][0m

    src/app/shared/components/message-box/message-box.ts:11:57:
[37m      11 │ message-input ('¿Estas seguro de realizar esta accion?")[32m[37m;
         ╵                                                         [32m^[0m


[31mX [41;31m[[41;97mERROR[41;31m][0m [1mTS1005: ',' expected.[0m [1m[35m[plugin angular-compiler][0m

    src/app/shared/components/message-box/message-box.ts:12:0:
[37m      12 │ [32mconfirmtext[37m-input ("Confirmar");
         ╵ [32m~~~~~~~~~~~[0m


[31mX [41;31m[[41;97mERROR[41;31m][0m [1mTS2304: Cannot find name 'confirmtext'.[0m [1m[35m[plugin angular-compiler][0m

    src/app/shared/components/message-box/message-box.ts:12:0:
[37m      12 │ [32mconfirmtext[37m-input ("Confirmar");
         ╵ [32m~~~~~~~~~~~[0m


[31mX [41;31m[[41;97mERROR[41;31m][0m [1mTS2552: Cannot find name 'input'. Did you mean 'oninput'?[0m [1m[35m[plugin angular-compiler][0m

    src/app/shared/components/message-box/message-box.ts:12:12:
[37m      12 │ confirmtext-[32minput[37m ("Confirmar");
         ╵             [32m~~~~~[0m

  'oninput' is declared here.

    node_modules/typescript/lib/lib.dom.d.ts:43888:12:
[37m      43888 │ declare var [32moninput[37m: ((this: Window, ev: InputEvent) => any) | ...
            ╵             [32m~~~~~~~[0m


[31mX [41;31m[[41;97mERROR[41;31m][0m [1mTS1005: ')' expected.[0m [1m[35m[plugin angular-compiler][0m

    src/app/shared/components/message-box/message-box.ts:12:31:
[37m      12 │ confirmtext-input ("Confirmar")[32m;[37m
         ╵                                [32m^[0m


[31mX [41;31m[[41;97mERROR[41;31m][0m [1mTS2304: Cannot find name 'canceltext'.[0m [1m[35m[plugin angular-compiler][0m

    src/app/shared/components/message-box/message-box.ts:13:0:
[37m      13 │ [32mcanceltext[37m-input('Cancelar")
         ╵ [32m~~~~~~~~~~[0m


[31mX [41;31m[[41;97mERROR[41;31m][0m [1mTS2552: Cannot find name 'input'. Did you mean 'oninput'?[0m [1m[35m[plugin angular-compiler][0m

    src/app/shared/components/message-box/message-box.ts:13:11:
[37m      13 │ canceltext-[32minput[37m('Cancelar")
         ╵            [32m~~~~~[0m

  'oninput' is declared here.

    node_modules/typescript/lib/lib.dom.d.ts:43888:12:
[37m      43888 │ declare var [32moninput[37m: ((this: Window, ev: InputEvent) => any) | ...
            ╵             [32m~~~~~~~[0m


[31mX [41;31m[[41;97mERROR[41;31m][0m [1mTS1002: Unterminated string literal.[0m [1m[35m[plugin angular-compiler][0m

    src/app/shared/components/message-box/message-box.ts:13:28:
[37m      13 │ canceltext-input('Cancelar")[32m[37m
         ╵                             [32m^[0m


[31mX [41;31m[[41;97mERROR[41;31m][0m [1mTS1005: ',' expected.[0m [1m[35m[plugin angular-compiler][0m

    src/app/shared/components/message-box/message-box.ts:15:0:
[37m      15 │ [32mconfirm[37m=output<void>();
         ╵ [32m~~~~~~~[0m


[31mX [41;31m[[41;97mERROR[41;31m][0m [1mTS2630: Cannot assign to 'confirm' because it is a function.[0m [1m[35m[plugin angular-compiler][0m

    src/app/shared/components/message-box/message-box.ts:15:0:
[37m      15 │ [32mconfirm[37m=output<void>();
         ╵ [32m~~~~~~~[0m


[31mX [41;31m[[41;97mERROR[41;31m][0m [1mTS2304: Cannot find name 'output'.[0m [1m[35m[plugin angular-compiler][0m

    src/app/shared/components/message-box/message-box.ts:15:8:
[37m      15 │ confirm=[32moutput[37m<void>();
         ╵         [32m~~~~~~[0m


[31mX [41;31m[[41;97mERROR[41;31m][0m [1mTS1005: ')' expected.[0m [1m[35m[plugin angular-compiler][0m

    src/app/shared/components/message-box/message-box.ts:15:22:
[37m      15 │ confirm=output<void>()[32m;[37m
         ╵                       [32m^[0m


[31mX [41;31m[[41;97mERROR[41;31m][0m [1mTS2304: Cannot find name 'cancelar'.[0m [1m[35m[plugin angular-compiler][0m

    src/app/shared/components/message-box/message-box.ts:16:0:
[37m      16 │ [32mcancelar[37m=output<void>();
         ╵ [32m~~~~~~~~[0m


[31mX [41;31m[[41;97mERROR[41;31m][0m [1mTS2304: Cannot find name 'output'.[0m [1m[35m[plugin angular-compiler][0m

    src/app/shared/components/message-box/message-box.ts:16:9:
[37m      16 │ cancelar=[32moutput[37m<void>();
         ╵          [32m~~~~~~[0m


[31mX [41;31m[[41;97mERROR[41;31m][0m [1mTS1128: Declaration or statement expected.[0m [1m[35m[plugin angular-compiler][0m

    src/app/shared/components/message-box/message-box.ts:18:0:
[37m      18 │ [32m}[37m
         ╵ [32m^[0m


[33m▲ [43;33m[[43;30mWARNING[43;33m][0m [1mNG8113: All imports are unused[0m [1m[35m[plugin angular-compiler][0m

    src/app/app.ts:6:2:
[37m      6 │   [32mimports[37m: [RouterOutlet],
        ╵   [32m~~~~~~~[0m


[31mX [41;31m[[41;97mERROR[41;31m][0m [1mNG5002: Unexpected closing tag "router-oulet". It may happen when the tag has already been closed by another tag. For more info see https://www.w3.org/TR/html5/syntax.html#closing-elements-that-have-implied-end-tags[0m [1m[35m[plugin angular-compiler][0m

    src/app/app.html:0:0:
[37m      0 │ [32m[37m
        ╵ [32m^[0m

  Error occurs in the template of component App.

    src/app/app.ts:7:15:
[37m      7 │   templateUrl: [32m'./app.html'[37m,
        ╵                [32m~~~~~~~~~~~~[0m


[31mX [41;31m[[41;97mERROR[41;31m][0m [1mTS1434: Unexpected keyword or identifier.[0m [1m[35m[plugin angular-compiler][0m

    src/app/shared/components/message-box/message-box.ts:10:0:
[37m      10 │ [32mtittle[37m-input('confirmar accion');
         ╵ [32m~~~~~~[0m


[31mX [41;31m[[41;97mERROR[41;31m][0m [1mTS7008: Member 'tittle' implicitly has an 'any' type.[0m [1m[35m[plugin angular-compiler][0m

    src/app/shared/components/message-box/message-box.ts:10:0:
[37m      10 │ [32mtittle[37m-input('confirmar accion');
         ╵ [32m~~~~~~[0m


[31mX [41;31m[[41;97mERROR[41;31m][0m [1mTS1068: Unexpected token. A constructor, method, accessor, or property was expected.[0m [1m[35m[plugin angular-compiler][0m

    src/app/shared/components/message-box/message-box.ts:10:6:
[37m      10 │ tittle[32m-[37minput('confirmar accion');
         ╵       [32m^[0m


[31mX [41;31m[[41;97mERROR[41;31m][0m [1mTS2552: Cannot find name 'input'. Did you mean 'oninput'?[0m [1m[35m[plugin angular-compiler][0m

    src/app/shared/components/message-box/message-box.ts:10:7:
[37m      10 │ tittle-[32minput[37m('confirmar accion');
         ╵        [32m~~~~~[0m

  'oninput' is declared here.

    node_modules/typescript/lib/lib.dom.d.ts:43888:12:
[37m      43888 │ declare var [32moninput[37m: ((this: Window, ev: InputEvent) => any) | ...
            ╵             [32m~~~~~~~[0m


[31mX [41;31m[[41;97mERROR[41;31m][0m [1mTS2552: Cannot find name 'message'. Did you mean 'onmessage'?[0m [1m[35m[plugin angular-compiler][0m

    src/app/shared/components/message-box/message-box.ts:11:0:
[37m      11 │ [32mmessage[37m-input ('¿Estas seguro de realizar esta accion?");
         ╵ [32m~~~~~~~[0m

  'onmessage' is declared here.

    node_modules/typescript/lib/lib.dom.d.ts:44052:12:
[37m      44052 │ declare var [32monmessage[37m: ((this: Window, ev: MessageEvent) => any...
            ╵             [32m~~~~~~~~~[0m


[31mX [41;31m[[41;97mERROR[41;31m][0m [1mTS2552: Cannot find name 'input'. Did you mean 'oninput'?[0m [1m[35m[plugin angular-compiler][0m

    src/app/shared/components/message-box/message-box.ts:11:8:
[37m      11 │ message-[32minput[37m ('¿Estas seguro de realizar esta accion?");
         ╵         [32m~~~~~[0m

  'oninput' is declared here.

    node_modules/typescript/lib/lib.dom.d.ts:43888:12:
[37m      43888 │ declare var [32moninput[37m: ((this: Window, ev: InputEvent) => any) | ...
            ╵             [32m~~~~~~~[0m


[31mX [41;31m[[41;97mERROR[41;31m][0m [1mTS1002: Unterminated string literal.[0m [1m[35m[plugin angular-compiler][0m

    src/app/shared/components/message-box/message-box.ts:11:57:
[37m      11 │ message-input ('¿Estas seguro de realizar esta accion?")[32m[37m;
         ╵                                                         [32m^[0m


[31mX [41;31m[[41;97mERROR[41;31m][0m [1mTS1005: ',' expected.[0m [1m[35m[plugin angular-compiler][0m

    src/app/shared/components/message-box/message-box.ts:12:0:
[37m      12 │ [32mconfirmtext[37m-input ("Confirmar");
         ╵ [32m~~~~~~~~~~~[0m


[31mX [41;31m[[41;97mERROR[41;31m][0m [1mTS2304: Cannot find name 'confirmtext'.[0m [1m[35m[plugin angular-compiler][0m

    src/app/shared/components/message-box/message-box.ts:12:0:
[37m      12 │ [32mconfirmtext[37m-input ("Confirmar");
         ╵ [32m~~~~~~~~~~~[0m


[31mX [41;31m[[41;97mERROR[41;31m][0m [1mTS2552: Cannot find name 'input'. Did you mean 'oninput'?[0m [1m[35m[plugin angular-compiler][0m

    src/app/shared/components/message-box/message-box.ts:12:12:
[37m      12 │ confirmtext-[32minput[37m ("Confirmar");
         ╵             [32m~~~~~[0m

  'oninput' is declared here.

    node_modules/typescript/lib/lib.dom.d.ts:43888:12:
[37m      43888 │ declare var [32moninput[37m: ((this: Window, ev: InputEvent) => any) | ...
            ╵             [32m~~~~~~~[0m


[31mX [41;31m[[41;97mERROR[41;31m][0m [1mTS1005: ')' expected.[0m [1m[35m[plugin angular-compiler][0m

    src/app/shared/components/message-box/message-box.ts:12:31:
[37m      12 │ confirmtext-input ("Confirmar")[32m;[37m
         ╵                                [32m^[0m


[31mX [41;31m[[41;97mERROR[41;31m][0m [1mTS2304: Cannot find name 'canceltext'.[0m [1m[35m[plugin angular-compiler][0m

    src/app/shared/components/message-box/message-box.ts:13:0:
[37m      13 │ [32mcanceltext[37m-input('Cancelar"
         ╵ [32m~~~~~~~~~~[0m


[31mX [41;31m[[41;97mERROR[41;31m][0m [1mTS2552: Cannot find name 'input'. Did you mean 'oninput'?[0m [1m[35m[plugin angular-compiler][0m

    src/app/shared/components/message-box/message-box.ts:13:11:
[37m      13 │ canceltext-[32minput[37m('Cancelar"
         ╵            [32m~~~~~[0m

  'oninput' is declared here.

    node_modules/typescript/lib/lib.dom.d.ts:43888:12:
[37m      43888 │ declare var [32moninput[37m: ((this: Window, ev: InputEvent) => any) | ...
            ╵             [32m~~~~~~~[0m


[31mX [41;31m[[41;97mERROR[41;31m][0m [1mTS1002: Unterminated string literal.[0m [1m[35m[plugin angular-compiler][0m

    src/app/shared/components/message-box/message-box.ts:13:27:
[37m      13 │ canceltext-input('Cancelar"[32m[37m
         ╵                            [32m^[0m


[31mX [41;31m[[41;97mERROR[41;31m][0m [1mTS1005: ',' expected.[0m [1m[35m[plugin angular-compiler][0m

    src/app/shared/components/message-box/message-box.ts:15:0:
[37m      15 │ [32mconfirm[37m=output<void>();
         ╵ [32m~~~~~~~[0m


[31mX [41;31m[[41;97mERROR[41;31m][0m [1mTS2630: Cannot assign to 'confirm' because it is a function.[0m [1m[35m[plugin angular-compiler][0m

    src/app/shared/components/message-box/message-box.ts:15:0:
[37m      15 │ [32mconfirm[37m=output<void>();
         ╵ [32m~~~~~~~[0m


[31mX [41;31m[[41;97mERROR[41;31m][0m [1mTS2304: Cannot find name 'output'.[0m [1m[35m[plugin angular-compiler][0m

    src/app/shared/components/message-box/message-box.ts:15:8:
[37m      15 │ confirm=[32moutput[37m<void>();
         ╵         [32m~~~~~~[0m


[31mX [41;31m[[41;97mERROR[41;31m][0m [1mTS1005: ')' expected.[0m [1m[35m[plugin angular-compiler][0m

    src/app/shared/components/message-box/message-box.ts:15:22:
[37m      15 │ confirm=output<void>()[32m;[37m
         ╵                       [32m^[0m


[31mX [41;31m[[41;97mERROR[41;31m][0m [1mTS2304: Cannot find name 'cancelar'.[0m [1m[35m[plugin angular-compiler][0m

    src/app/shared/components/message-box/message-box.ts:16:0:
[37m      16 │ [32mcancelar[37m=output<void>();
         ╵ [32m~~~~~~~~[0m


[31mX [41;31m[[41;97mERROR[41;31m][0m [1mTS2304: Cannot find name 'output'.[0m [1m[35m[plugin angular-compiler][0m

    src/app/shared/components/message-box/message-box.ts:16:9:
[37m      16 │ cancelar=[32moutput[37m<void>();
         ╵          [32m~~~~~~[0m


[31mX [41;31m[[41;97mERROR[41;31m][0m [1mTS1128: Declaration or statement expected.[0m [1m[35m[plugin angular-compiler][0m

    src/app/shared/components/message-box/message-box.ts:18:0:
[37m      18 │ [32m}[37m
         ╵ [32m^[0m


[33m▲ [43;33m[[43;30mWARNING[43;33m][0m [1mNG8113: All imports are unused[0m [1m[35m[plugin angular-compiler][0m

    src/app/app.ts:6:2:
[37m      6 │   [32mimports[37m: [RouterOutlet],
        ╵   [32m~~~~~~~[0m


[31mX [41;31m[[41;97mERROR[41;31m][0m [1mNG5002: Unexpected closing tag "router-oulet". It may happen when the tag has already been closed by another tag. For more info see https://www.w3.org/TR/html5/syntax.html#closing-elements-that-have-implied-end-tags[0m [1m[35m[plugin angular-compiler][0m

    src/app/app.html:0:0:
[37m      0 │ [32m[37m
        ╵ [32m^[0m

  Error occurs in the template of component App.

    src/app/app.ts:7:15:
[37m      7 │   templateUrl: [32m'./app.html'[37m,
        ╵                [32m~~~~~~~~~~~~[0m


[31mX [41;31m[[41;97mERROR[41;31m][0m [1mTS1434: Unexpected keyword or identifier.[0m [1m[35m[plugin angular-compiler][0m

    src/app/shared/components/message-box/message-box.ts:10:0:
[37m      10 │ [32mtittle[37m-input('confirmar accion');
         ╵ [32m~~~~~~[0m


[31mX [41;31m[[41;97mERROR[41;31m][0m [1mTS7008: Member 'tittle' implicitly has an 'any' type.[0m [1m[35m[plugin angular-compiler][0m

    src/app/shared/components/message-box/message-box.ts:10:0:
[37m      10 │ [32mtittle[37m-input('confirmar accion');
         ╵ [32m~~~~~~[0m


[31mX [41;31m[[41;97mERROR[41;31m][0m [1mTS1068: Unexpected token. A constructor, method, accessor, or property was expected.[0m [1m[35m[plugin angular-compiler][0m

    src/app/shared/components/message-box/message-box.ts:10:6:
[37m      10 │ tittle[32m-[37minput('confirmar accion');
         ╵       [32m^[0m


[31mX [41;31m[[41;97mERROR[41;31m][0m [1mTS2552: Cannot find name 'input'. Did you mean 'oninput'?[0m [1m[35m[plugin angular-compiler][0m

    src/app/shared/components/message-box/message-box.ts:10:7:
[37m      10 │ tittle-[32minput[37m('confirmar accion');
         ╵        [32m~~~~~[0m

  'oninput' is declared here.

    node_modules/typescript/lib/lib.dom.d.ts:43888:12:
[37m      43888 │ declare var [32moninput[37m: ((this: Window, ev: InputEvent) => any) | ...
            ╵             [32m~~~~~~~[0m


[31mX [41;31m[[41;97mERROR[41;31m][0m [1mTS2552: Cannot find name 'message'. Did you mean 'onmessage'?[0m [1m[35m[plugin angular-compiler][0m

    src/app/shared/components/message-box/message-box.ts:11:0:
[37m      11 │ [32mmessage[37m-input ('¿Estas seguro de realizar esta accion?");
         ╵ [32m~~~~~~~[0m

  'onmessage' is declared here.

    node_modules/typescript/lib/lib.dom.d.ts:44052:12:
[37m      44052 │ declare var [32monmessage[37m: ((this: Window, ev: MessageEvent) => any...
            ╵             [32m~~~~~~~~~[0m


[31mX [41;31m[[41;97mERROR[41;31m][0m [1mTS2552: Cannot find name 'input'. Did you mean 'oninput'?[0m [1m[35m[plugin angular-compiler][0m

    src/app/shared/components/message-box/message-box.ts:11:8:
[37m      11 │ message-[32minput[37m ('¿Estas seguro de realizar esta accion?");
         ╵         [32m~~~~~[0m

  'oninput' is declared here.

    node_modules/typescript/lib/lib.dom.d.ts:43888:12:
[37m      43888 │ declare var [32moninput[37m: ((this: Window, ev: InputEvent) => any) | ...
            ╵             [32m~~~~~~~[0m


[31mX [41;31m[[41;97mERROR[41;31m][0m [1mTS1002: Unterminated string literal.[0m [1m[35m[plugin angular-compiler][0m

    src/app/shared/components/message-box/message-box.ts:11:57:
[37m      11 │ message-input ('¿Estas seguro de realizar esta accion?")[32m[37m;
         ╵                                                         [32m^[0m


[31mX [41;31m[[41;97mERROR[41;31m][0m [1mTS1005: ',' expected.[0m [1m[35m[plugin angular-compiler][0m

    src/app/shared/components/message-box/message-box.ts:12:0:
[37m      12 │ [32mconfirmtext[37m-input ("Confirmar");
         ╵ [32m~~~~~~~~~~~[0m


[31mX [41;31m[[41;97mERROR[41;31m][0m [1mTS2304: Cannot find name 'confirmtext'.[0m [1m[35m[plugin angular-compiler][0m

    src/app/shared/components/message-box/message-box.ts:12:0:
[37m      12 │ [32mconfirmtext[37m-input ("Confirmar");
         ╵ [32m~~~~~~~~~~~[0m


[31mX [41;31m[[41;97mERROR[41;31m][0m [1mTS2552: Cannot find name 'input'. Did you mean 'oninput'?[0m [1m[35m[plugin angular-compiler][0m

    src/app/shared/components/message-box/message-box.ts:12:12:
[37m      12 │ confirmtext-[32minput[37m ("Confirmar");
         ╵             [32m~~~~~[0m

  'oninput' is declared here.

    node_modules/typescript/lib/lib.dom.d.ts:43888:12:
[37m      43888 │ declare var [32moninput[37m: ((this: Window, ev: InputEvent) => any) | ...
            ╵             [32m~~~~~~~[0m


[31mX [41;31m[[41;97mERROR[41;31m][0m [1mTS1005: ')' expected.[0m [1m[35m[plugin angular-compiler][0m

    src/app/shared/components/message-box/message-box.ts:12:31:
[37m      12 │ confirmtext-input ("Confirmar")[32m;[37m
         ╵                                [32m^[0m


[31mX [41;31m[[41;97mERROR[41;31m][0m [1mTS2304: Cannot find name 'canceltext'.[0m [1m[35m[plugin angular-compiler][0m

    src/app/shared/components/message-box/message-box.ts:13:0:
[37m      13 │ [32mcanceltext[37m-input(Cancelar"
         ╵ [32m~~~~~~~~~~[0m


[31mX [41;31m[[41;97mERROR[41;31m][0m [1mTS2552: Cannot find name 'input'. Did you mean 'oninput'?[0m [1m[35m[plugin angular-compiler][0m

    src/app/shared/components/message-box/message-box.ts:13:11:
[37m      13 │ canceltext-[32minput[37m(Cancelar"
         ╵            [32m~~~~~[0m

  'oninput' is declared here.

    node_modules/typescript/lib/lib.dom.d.ts:43888:12:
[37m      43888 │ declare var [32moninput[37m: ((this: Window, ev: InputEvent) => any) | ...
            ╵             [32m~~~~~~~[0m


[31mX [41;31m[[41;97mERROR[41;31m][0m [1mTS2304: Cannot find name 'Cancelar'.[0m [1m[35m[plugin angular-compiler][0m

    src/app/shared/components/message-box/message-box.ts:13:17:
[37m      13 │ canceltext-input([32mCancelar[37m"
         ╵                  [32m~~~~~~~~[0m


[31mX [41;31m[[41;97mERROR[41;31m][0m [1mTS1005: ',' expected.[0m [1m[35m[plugin angular-compiler][0m

    src/app/shared/components/message-box/message-box.ts:13:25:
[37m      13 │ canceltext-input(Cancelar[32m"[37m
         ╵                          [32m^[0m


[31mX [41;31m[[41;97mERROR[41;31m][0m [1mTS1002: Unterminated string literal.[0m [1m[35m[plugin angular-compiler][0m

    src/app/shared/components/message-box/message-box.ts:13:26:
[37m      13 │ canceltext-input(Cancelar"[32m[37m
         ╵                           [32m^[0m


[31mX [41;31m[[41;97mERROR[41;31m][0m [1mTS1005: ',' expected.[0m [1m[35m[plugin angular-compiler][0m

    src/app/shared/components/message-box/message-box.ts:15:0:
[37m      15 │ [32mconfirm[37m=output<void>();
         ╵ [32m~~~~~~~[0m


[31mX [41;31m[[41;97mERROR[41;31m][0m [1mTS2630: Cannot assign to 'confirm' because it is a function.[0m [1m[35m[plugin angular-compiler][0m

    src/app/shared/components/message-box/message-box.ts:15:0:
[37m      15 │ [32mconfirm[37m=output<void>();
         ╵ [32m~~~~~~~[0m


[31mX [41;31m[[41;97mERROR[41;31m][0m [1mTS2304: Cannot find name 'output'.[0m [1m[35m[plugin angular-compiler][0m

    src/app/shared/components/message-box/message-box.ts:15:8:
[37m      15 │ confirm=[32moutput[37m<void>();
         ╵         [32m~~~~~~[0m


[31mX [41;31m[[41;97mERROR[41;31m][0m [1mTS1005: ')' expected.[0m [1m[35m[plugin angular-compiler][0m

    src/app/shared/components/message-box/message-box.ts:15:22:
[37m      15 │ confirm=output<void>()[32m;[37m
         ╵                       [32m^[0m


[31mX [41;31m[[41;97mERROR[41;31m][0m [1mTS2304: Cannot find name 'cancelar'.[0m [1m[35m[plugin angular-compiler][0m

    src/app/shared/components/message-box/message-box.ts:16:0:
[37m      16 │ [32mcancelar[37m=output<void>();
         ╵ [32m~~~~~~~~[0m


[31mX [41;31m[[41;97mERROR[41;31m][0m [1mTS2304: Cannot find name 'output'.[0m [1m[35m[plugin angular-compiler][0m

    src/app/shared/components/message-box/message-box.ts:16:9:
[37m      16 │ cancelar=[32moutput[37m<void>();
         ╵          [32m~~~~~~[0m


[31mX [41;31m[[41;97mERROR[41;31m][0m [1mTS1128: Declaration or statement expected.[0m [1m[35m[plugin angular-compiler][0m

    src/app/shared/components/message-box/message-box.ts:18:0:
[37m      18 │ [32m}[37m
         ╵ [32m^[0m


[33m▲ [43;33m[[43;30mWARNING[43;33m][0m [1mNG8113: All imports are unused[0m [1m[35m[plugin angular-compiler][0m

    src/app/app.ts:6:2:
[37m      6 │   [32mimports[37m: [RouterOutlet],
        ╵   [32m~~~~~~~[0m


[31mX [41;31m[[41;97mERROR[41;31m][0m [1mNG5002: Unexpected closing tag "router-oulet". It may happen when the tag has already been closed by another tag. For more info see https://www.w3.org/TR/html5/syntax.html#closing-elements-that-have-implied-end-tags[0m [1m[35m[plugin angular-compiler][0m

    src/app/app.html:0:0:
[37m      0 │ [32m[37m
        ╵ [32m^[0m

  Error occurs in the template of component App.

    src/app/app.ts:7:15:
[37m      7 │   templateUrl: [32m'./app.html'[37m,
        ╵                [32m~~~~~~~~~~~~[0m


[31mX [41;31m[[41;97mERROR[41;31m][0m [1mTS1434: Unexpected keyword or identifier.[0m [1m[35m[plugin angular-compiler][0m

    src/app/shared/components/message-box/message-box.ts:10:0:
[37m      10 │ [32mtittle[37m-input('confirmar accion');
         ╵ [32m~~~~~~[0m


[31mX [41;31m[[41;97mERROR[41;31m][0m [1mTS7008: Member 'tittle' implicitly has an 'any' type.[0m [1m[35m[plugin angular-compiler][0m

    src/app/shared/components/message-box/message-box.ts:10:0:
[37m      10 │ [32mtittle[37m-input('confirmar accion');
         ╵ [32m~~~~~~[0m


[31mX [41;31m[[41;97mERROR[41;31m][0m [1mTS1068: Unexpected token. A constructor, method, accessor, or property was expected.[0m [1m[35m[plugin angular-compiler][0m

    src/app/shared/components/message-box/message-box.ts:10:6:
[37m      10 │ tittle[32m-[37minput('confirmar accion');
         ╵       [32m^[0m


[31mX [41;31m[[41;97mERROR[41;31m][0m [1mTS2552: Cannot find name 'input'. Did you mean 'oninput'?[0m [1m[35m[plugin angular-compiler][0m

    src/app/shared/components/message-box/message-box.ts:10:7:
[37m      10 │ tittle-[32minput[37m('confirmar accion');
         ╵        [32m~~~~~[0m

  'oninput' is declared here.

    node_modules/typescript/lib/lib.dom.d.ts:43888:12:
[37m      43888 │ declare var [32moninput[37m: ((this: Window, ev: InputEvent) => any) | ...
            ╵             [32m~~~~~~~[0m


[31mX [41;31m[[41;97mERROR[41;31m][0m [1mTS2552: Cannot find name 'message'. Did you mean 'onmessage'?[0m [1m[35m[plugin angular-compiler][0m

    src/app/shared/components/message-box/message-box.ts:11:0:
[37m      11 │ [32mmessage[37m-input ('¿Estas seguro de realizar esta accion?");
         ╵ [32m~~~~~~~[0m

  'onmessage' is declared here.

    node_modules/typescript/lib/lib.dom.d.ts:44052:12:
[37m      44052 │ declare var [32monmessage[37m: ((this: Window, ev: MessageEvent) => any...
            ╵             [32m~~~~~~~~~[0m


[31mX [41;31m[[41;97mERROR[41;31m][0m [1mTS2552: Cannot find name 'input'. Did you mean 'oninput'?[0m [1m[35m[plugin angular-compiler][0m

    src/app/shared/components/message-box/message-box.ts:11:8:
[37m      11 │ message-[32minput[37m ('¿Estas seguro de realizar esta accion?");
         ╵         [32m~~~~~[0m

  'oninput' is declared here.

    node_modules/typescript/lib/lib.dom.d.ts:43888:12:
[37m      43888 │ declare var [32moninput[37m: ((this: Window, ev: InputEvent) => any) | ...
            ╵             [32m~~~~~~~[0m


[31mX [41;31m[[41;97mERROR[41;31m][0m [1mTS1002: Unterminated string literal.[0m [1m[35m[plugin angular-compiler][0m

    src/app/shared/components/message-box/message-box.ts:11:57:
[37m      11 │ message-input ('¿Estas seguro de realizar esta accion?")[32m[37m;
         ╵                                                         [32m^[0m


[31mX [41;31m[[41;97mERROR[41;31m][0m [1mTS1005: ',' expected.[0m [1m[35m[plugin angular-compiler][0m

    src/app/shared/components/message-box/message-box.ts:12:0:
[37m      12 │ [32mconfirmtext[37m-input ("Confirmar");
         ╵ [32m~~~~~~~~~~~[0m


[31mX [41;31m[[41;97mERROR[41;31m][0m [1mTS2304: Cannot find name 'confirmtext'.[0m [1m[35m[plugin angular-compiler][0m

    src/app/shared/components/message-box/message-box.ts:12:0:
[37m      12 │ [32mconfirmtext[37m-input ("Confirmar");
         ╵ [32m~~~~~~~~~~~[0m


[31mX [41;31m[[41;97mERROR[41;31m][0m [1mTS2552: Cannot find name 'input'. Did you mean 'oninput'?[0m [1m[35m[plugin angular-compiler][0m

    src/app/shared/components/message-box/message-box.ts:12:12:
[37m      12 │ confirmtext-[32minput[37m ("Confirmar");
         ╵             [32m~~~~~[0m

  'oninput' is declared here.

    node_modules/typescript/lib/lib.dom.d.ts:43888:12:
[37m      43888 │ declare var [32moninput[37m: ((this: Window, ev: InputEvent) => any) | ...
            ╵             [32m~~~~~~~[0m


[31mX [41;31m[[41;97mERROR[41;31m][0m [1mTS1005: ')' expected.[0m [1m[35m[plugin angular-compiler][0m

    src/app/shared/components/message-box/message-box.ts:12:31:
[37m      12 │ confirmtext-input ("Confirmar")[32m;[37m
         ╵                                [32m^[0m


[31mX [41;31m[[41;97mERROR[41;31m][0m [1mTS2304: Cannot find name 'canceltext'.[0m [1m[35m[plugin angular-compiler][0m

    src/app/shared/components/message-box/message-box.ts:13:0:
[37m      13 │ [32mcanceltext[37m-input("Cancelar"
         ╵ [32m~~~~~~~~~~[0m


[31mX [41;31m[[41;97mERROR[41;31m][0m [1mTS2552: Cannot find name 'input'. Did you mean 'oninput'?[0m [1m[35m[plugin angular-compiler][0m

    src/app/shared/components/message-box/message-box.ts:13:11:
[37m      13 │ canceltext-[32minput[37m("Cancelar"
         ╵            [32m~~~~~[0m

  'oninput' is declared here.

    node_modules/typescript/lib/lib.dom.d.ts:43888:12:
[37m      43888 │ declare var [32moninput[37m: ((this: Window, ev: InputEvent) => any) | ...
            ╵             [32m~~~~~~~[0m


[31mX [41;31m[[41;97mERROR[41;31m][0m [1mTS1005: ',' expected.[0m [1m[35m[plugin angular-compiler][0m

    src/app/shared/components/message-box/message-box.ts:15:0:
[37m      15 │ [32mconfirm[37m=output<void>();
         ╵ [32m~~~~~~~[0m


[31mX [41;31m[[41;97mERROR[41;31m][0m [1mTS2630: Cannot assign to 'confirm' because it is a function.[0m [1m[35m[plugin angular-compiler][0m

    src/app/shared/components/message-box/message-box.ts:15:0:
[37m      15 │ [32mconfirm[37m=output<void>();
         ╵ [32m~~~~~~~[0m


[31mX [41;31m[[41;97mERROR[41;31m][0m [1mTS2304: Cannot find name 'output'.[0m [1m[35m[plugin angular-compiler][0m

    src/app/shared/components/message-box/message-box.ts:15:8:
[37m      15 │ confirm=[32moutput[37m<void>();
         ╵         [32m~~~~~~[0m


[31mX [41;31m[[41;97mERROR[41;31m][0m [1mTS1005: ')' expected.[0m [1m[35m[plugin angular-compiler][0m

    src/app/shared/components/message-box/message-box.ts:15:22:
[37m      15 │ confirm=output<void>()[32m;[37m
         ╵                       [32m^[0m


[31mX [41;31m[[41;97mERROR[41;31m][0m [1mTS2304: Cannot find name 'cancelar'.[0m [1m[35m[plugin angular-compiler][0m

    src/app/shared/components/message-box/message-box.ts:16:0:
[37m      16 │ [32mcancelar[37m=output<void>();
         ╵ [32m~~~~~~~~[0m


[31mX [41;31m[[41;97mERROR[41;31m][0m [1mTS2304: Cannot find name 'output'.[0m [1m[35m[plugin angular-compiler][0m

    src/app/shared/components/message-box/message-box.ts:16:9:
[37m      16 │ cancelar=[32moutput[37m<void>();
         ╵          [32m~~~~~~[0m


[31mX [41;31m[[41;97mERROR[41;31m][0m [1mTS1128: Declaration or statement expected.[0m [1m[35m[plugin angular-compiler][0m

    src/app/shared/components/message-box/message-box.ts:18:0:
[37m      18 │ [32m}[37m
         ╵ [32m^[0m


[33m▲ [43;33m[[43;30mWARNING[43;33m][0m [1mNG8113: All imports are unused[0m [1m[35m[plugin angular-compiler][0m

    src/app/app.ts:6:2:
[37m      6 │   [32mimports[37m: [RouterOutlet],
        ╵   [32m~~~~~~~[0m


[31mX [41;31m[[41;97mERROR[41;31m][0m [1mNG5002: Unexpected closing tag "router-oulet". It may happen when the tag has already been closed by another tag. For more info see https://www.w3.org/TR/html5/syntax.html#closing-elements-that-have-implied-end-tags[0m [1m[35m[plugin angular-compiler][0m

    src/app/app.html:0:0:
[37m      0 │ [32m[37m
        ╵ [32m^[0m

  Error occurs in the template of component App.

    src/app/app.ts:7:15:
[37m      7 │   templateUrl: [32m'./app.html'[37m,
        ╵                [32m~~~~~~~~~~~~[0m


[31mX [41;31m[[41;97mERROR[41;31m][0m [1mTS1434: Unexpected keyword or identifier.[0m [1m[35m[plugin angular-compiler][0m

    src/app/shared/components/message-box/message-box.ts:10:0:
[37m      10 │ [32mtittle[37m-input('confirmar accion');
         ╵ [32m~~~~~~[0m


[31mX [41;31m[[41;97mERROR[41;31m][0m [1mTS7008: Member 'tittle' implicitly has an 'any' type.[0m [1m[35m[plugin angular-compiler][0m

    src/app/shared/components/message-box/message-box.ts:10:0:
[37m      10 │ [32mtittle[37m-input('confirmar accion');
         ╵ [32m~~~~~~[0m


[31mX [41;31m[[41;97mERROR[41;31m][0m [1mTS1068: Unexpected token. A constructor, method, accessor, or property was expected.[0m [1m[35m[plugin angular-compiler][0m

    src/app/shared/components/message-box/message-box.ts:10:6:
[37m      10 │ tittle[32m-[37minput('confirmar accion');
         ╵       [32m^[0m


[31mX [41;31m[[41;97mERROR[41;31m][0m [1mTS2552: Cannot find name 'input'. Did you mean 'oninput'?[0m [1m[35m[plugin angular-compiler][0m

    src/app/shared/components/message-box/message-box.ts:10:7:
[37m      10 │ tittle-[32minput[37m('confirmar accion');
         ╵        [32m~~~~~[0m

  'oninput' is declared here.

    node_modules/typescript/lib/lib.dom.d.ts:43888:12:
[37m      43888 │ declare var [32moninput[37m: ((this: Window, ev: InputEvent) => any) | ...
            ╵             [32m~~~~~~~[0m


[31mX [41;31m[[41;97mERROR[41;31m][0m [1mTS2552: Cannot find name 'message'. Did you mean 'onmessage'?[0m [1m[35m[plugin angular-compiler][0m

    src/app/shared/components/message-box/message-box.ts:11:0:
[37m      11 │ [32mmessage[37m-input ('¿Estas seguro de realizar esta accion?");
         ╵ [32m~~~~~~~[0m

  'onmessage' is declared here.

    node_modules/typescript/lib/lib.dom.d.ts:44052:12:
[37m      44052 │ declare var [32monmessage[37m: ((this: Window, ev: MessageEvent) => any...
            ╵             [32m~~~~~~~~~[0m


[31mX [41;31m[[41;97mERROR[41;31m][0m [1mTS2552: Cannot find name 'input'. Did you mean 'oninput'?[0m [1m[35m[plugin angular-compiler][0m

    src/app/shared/components/message-box/message-box.ts:11:8:
[37m      11 │ message-[32minput[37m ('¿Estas seguro de realizar esta accion?");
         ╵         [32m~~~~~[0m

  'oninput' is declared here.

    node_modules/typescript/lib/lib.dom.d.ts:43888:12:
[37m      43888 │ declare var [32moninput[37m: ((this: Window, ev: InputEvent) => any) | ...
            ╵             [32m~~~~~~~[0m


[31mX [41;31m[[41;97mERROR[41;31m][0m [1mTS1002: Unterminated string literal.[0m [1m[35m[plugin angular-compiler][0m

    src/app/shared/components/message-box/message-box.ts:11:57:
[37m      11 │ message-input ('¿Estas seguro de realizar esta accion?")[32m[37m;
         ╵                                                         [32m^[0m


[31mX [41;31m[[41;97mERROR[41;31m][0m [1mTS1005: ',' expected.[0m [1m[35m[plugin angular-compiler][0m

    src/app/shared/components/message-box/message-box.ts:12:0:
[37m      12 │ [32mconfirmtext[37m-input ("Confirmar");
         ╵ [32m~~~~~~~~~~~[0m


[31mX [41;31m[[41;97mERROR[41;31m][0m [1mTS2304: Cannot find name 'confirmtext'.[0m [1m[35m[plugin angular-compiler][0m

    src/app/shared/components/message-box/message-box.ts:12:0:
[37m      12 │ [32mconfirmtext[37m-input ("Confirmar");
         ╵ [32m~~~~~~~~~~~[0m


[31mX [41;31m[[41;97mERROR[41;31m][0m [1mTS2552: Cannot find name 'input'. Did you mean 'oninput'?[0m [1m[35m[plugin angular-compiler][0m

    src/app/shared/components/message-box/message-box.ts:12:12:
[37m      12 │ confirmtext-[32minput[37m ("Confirmar");
         ╵             [32m~~~~~[0m

  'oninput' is declared here.

    node_modules/typescript/lib/lib.dom.d.ts:43888:12:
[37m      43888 │ declare var [32moninput[37m: ((this: Window, ev: InputEvent) => any) | ...
            ╵             [32m~~~~~~~[0m


[31mX [41;31m[[41;97mERROR[41;31m][0m [1mTS1005: ')' expected.[0m [1m[35m[plugin angular-compiler][0m

    src/app/shared/components/message-box/message-box.ts:12:31:
[37m      12 │ confirmtext-input ("Confirmar")[32m;[37m
         ╵                                [32m^[0m


[31mX [41;31m[[41;97mERROR[41;31m][0m [1mTS2304: Cannot find name 'canceltext'.[0m [1m[35m[plugin angular-compiler][0m

    src/app/shared/components/message-box/message-box.ts:13:0:
[37m      13 │ [32mcanceltext[37m-input("Cancelar");
         ╵ [32m~~~~~~~~~~[0m


[31mX [41;31m[[41;97mERROR[41;31m][0m [1mTS2552: Cannot find name 'input'. Did you mean 'oninput'?[0m [1m[35m[plugin angular-compiler][0m

    src/app/shared/components/message-box/message-box.ts:13:11:
[37m      13 │ canceltext-[32minput[37m("Cancelar");
         ╵            [32m~~~~~[0m

  'oninput' is declared here.

    node_modules/typescript/lib/lib.dom.d.ts:43888:12:
[37m      43888 │ declare var [32moninput[37m: ((this: Window, ev: InputEvent) => any) | ...
            ╵             [32m~~~~~~~[0m


[31mX [41;31m[[41;97mERROR[41;31m][0m [1mTS2630: Cannot assign to 'confirm' because it is a function.[0m [1m[35m[plugin angular-compiler][0m

    src/app/shared/components/message-box/message-box.ts:15:0:
[37m      15 │ [32mconfirm[37m=output<void>();
         ╵ [32m~~~~~~~[0m


[31mX [41;31m[[41;97mERROR[41;31m][0m [1mTS2304: Cannot find name 'output'.[0m [1m[35m[plugin angular-compiler][0m

    src/app/shared/components/message-box/message-box.ts:15:8:
[37m      15 │ confirm=[32moutput[37m<void>();
         ╵         [32m~~~~~~[0m


[31mX [41;31m[[41;97mERROR[41;31m][0m [1mTS2304: Cannot find name 'cancelar'.[0m [1m[35m[plugin angular-compiler][0m

    src/app/shared/components/message-box/message-box.ts:16:0:
[37m      16 │ [32mcancelar[37m=output<void>();
         ╵ [32m~~~~~~~~[0m


[31mX [41;31m[[41;97mERROR[41;31m][0m [1mTS2304: Cannot find name 'output'.[0m [1m[35m[plugin angular-compiler][0m

    src/app/shared/components/message-box/message-box.ts:16:9:
[37m      16 │ cancelar=[32moutput[37m<void>();
         ╵          [32m~~~~~~[0m


[31mX [41;31m[[41;97mERROR[41;31m][0m [1mTS1128: Declaration or statement expected.[0m [1m[35m[plugin angular-compiler][0m

    src/app/shared/components/message-box/message-box.ts:18:0:
[37m      18 │ [32m}[37m
         ╵ [32m^[0m


[33m▲ [43;33m[[43;30mWARNING[43;33m][0m [1mNG8113: All imports are unused[0m [1m[35m[plugin angular-compiler][0m

    src/app/app.ts:6:2:
[37m      6 │   [32mimports[37m: [RouterOutlet],
        ╵   [32m~~~~~~~[0m


[31mX [41;31m[[41;97mERROR[41;31m][0m [1mNG5002: Unexpected closing tag "router-oulet". It may happen when the tag has already been closed by another tag. For more info see https://www.w3.org/TR/html5/syntax.html#closing-elements-that-have-implied-end-tags[0m [1m[35m[plugin angular-compiler][0m

    src/app/app.html:0:0:
[37m      0 │ [32m[37m
        ╵ [32m^[0m

  Error occurs in the template of component App.

    src/app/app.ts:7:15:
[37m      7 │   templateUrl: [32m'./app.html'[37m,
        ╵                [32m~~~~~~~~~~~~[0m


[31mX [41;31m[[41;97mERROR[41;31m][0m [1mTS1434: Unexpected keyword or identifier.[0m [1m[35m[plugin angular-compiler][0m

    src/app/shared/components/message-box/message-box.ts:10:0:
[37m      10 │ [32mtittle[37m-input('confirmar accion');
         ╵ [32m~~~~~~[0m


[31mX [41;31m[[41;97mERROR[41;31m][0m [1mTS7008: Member 'tittle' implicitly has an 'any' type.[0m [1m[35m[plugin angular-compiler][0m

    src/app/shared/components/message-box/message-box.ts:10:0:
[37m      10 │ [32mtittle[37m-input('confirmar accion');
         ╵ [32m~~~~~~[0m


[31mX [41;31m[[41;97mERROR[41;31m][0m [1mTS1068: Unexpected token. A constructor, method, accessor, or property was expected.[0m [1m[35m[plugin angular-compiler][0m

    src/app/shared/components/message-box/message-box.ts:10:6:
[37m      10 │ tittle[32m-[37minput('confirmar accion');
         ╵       [32m^[0m


[31mX [41;31m[[41;97mERROR[41;31m][0m [1mTS2552: Cannot find name 'input'. Did you mean 'oninput'?[0m [1m[35m[plugin angular-compiler][0m

    src/app/shared/components/message-box/message-box.ts:10:7:
[37m      10 │ tittle-[32minput[37m('confirmar accion');
         ╵        [32m~~~~~[0m

  'oninput' is declared here.

    node_modules/typescript/lib/lib.dom.d.ts:43888:12:
[37m      43888 │ declare var [32moninput[37m: ((this: Window, ev: InputEvent) => any) | ...
            ╵             [32m~~~~~~~[0m


[31mX [41;31m[[41;97mERROR[41;31m][0m [1mTS2552: Cannot find name 'message'. Did you mean 'onmessage'?[0m [1m[35m[plugin angular-compiler][0m

    src/app/shared/components/message-box/message-box.ts:11:0:
[37m      11 │ [32mmessage[37m-input ('¿Estas seguro de realizar esta accion?");
         ╵ [32m~~~~~~~[0m

  'onmessage' is declared here.

    node_modules/typescript/lib/lib.dom.d.ts:44052:12:
[37m      44052 │ declare var [32monmessage[37m: ((this: Window, ev: MessageEvent) => any...
            ╵             [32m~~~~~~~~~[0m


[31mX [41;31m[[41;97mERROR[41;31m][0m [1mTS2552: Cannot find name 'input'. Did you mean 'oninput'?[0m [1m[35m[plugin angular-compiler][0m

    src/app/shared/components/message-box/message-box.ts:11:8:
[37m      11 │ message-[32minput[37m ('¿Estas seguro de realizar esta accion?");
         ╵         [32m~~~~~[0m

  'oninput' is declared here.

    node_modules/typescript/lib/lib.dom.d.ts:43888:12:
[37m      43888 │ declare var [32moninput[37m: ((this: Window, ev: InputEvent) => any) | ...
            ╵             [32m~~~~~~~[0m


[31mX [41;31m[[41;97mERROR[41;31m][0m [1mTS1002: Unterminated string literal.[0m [1m[35m[plugin angular-compiler][0m

    src/app/shared/components/message-box/message-box.ts:11:57:
[37m      11 │ message-input ('¿Estas seguro de realizar esta accion?")[32m[37m;
         ╵                                                         [32m^[0m


[31mX [41;31m[[41;97mERROR[41;31m][0m [1mTS1005: ',' expected.[0m [1m[35m[plugin angular-compiler][0m

    src/app/shared/components/message-box/message-box.ts:12:0:
[37m      12 │ [32mconfirmtext[37m-input ("Confirmar")
         ╵ [32m~~~~~~~~~~~[0m


[31mX [41;31m[[41;97mERROR[41;31m][0m [1mTS2304: Cannot find name 'confirmtext'.[0m [1m[35m[plugin angular-compiler][0m

    src/app/shared/components/message-box/message-box.ts:12:0:
[37m      12 │ [32mconfirmtext[37m-input ("Confirmar")
         ╵ [32m~~~~~~~~~~~[0m


[31mX [41;31m[[41;97mERROR[41;31m][0m [1mTS2552: Cannot find name 'input'. Did you mean 'oninput'?[0m [1m[35m[plugin angular-compiler][0m

    src/app/shared/components/message-box/message-box.ts:12:12:
[37m      12 │ confirmtext-[32minput[37m ("Confirmar")
         ╵             [32m~~~~~[0m

  'oninput' is declared here.

    node_modules/typescript/lib/lib.dom.d.ts:43888:12:
[37m      43888 │ declare var [32moninput[37m: ((this: Window, ev: InputEvent) => any) | ...
            ╵             [32m~~~~~~~[0m


[31mX [41;31m[[41;97mERROR[41;31m][0m [1mTS1005: ',' expected.[0m [1m[35m[plugin angular-compiler][0m

    src/app/shared/components/message-box/message-box.ts:13:0:
[37m      13 │ [32mcanceltext[37m-input("Cancelar");
         ╵ [32m~~~~~~~~~~[0m


[31mX [41;31m[[41;97mERROR[41;31m][0m [1mTS2304: Cannot find name 'canceltext'.[0m [1m[35m[plugin angular-compiler][0m

    src/app/shared/components/message-box/message-box.ts:13:0:
[37m      13 │ [32mcanceltext[37m-input("Cancelar");
         ╵ [32m~~~~~~~~~~[0m


[31mX [41;31m[[41;97mERROR[41;31m][0m [1mTS2552: Cannot find name 'input'. Did you mean 'oninput'?[0m [1m[35m[plugin angular-compiler][0m

    src/app/shared/components/message-box/message-box.ts:13:11:
[37m      13 │ canceltext-[32minput[37m("Cancelar");
         ╵            [32m~~~~~[0m

  'oninput' is declared here.

    node_modules/typescript/lib/lib.dom.d.ts:43888:12:
[37m      43888 │ declare var [32moninput[37m: ((this: Window, ev: InputEvent) => any) | ...
            ╵             [32m~~~~~~~[0m


[31mX [41;31m[[41;97mERROR[41;31m][0m [1mTS1005: ')' expected.[0m [1m[35m[plugin angular-compiler][0m

    src/app/shared/components/message-box/message-box.ts:13:28:
[37m      13 │ canceltext-input("Cancelar")[32m;[37m
         ╵                             [32m^[0m


[31mX [41;31m[[41;97mERROR[41;31m][0m [1mTS2630: Cannot assign to 'confirm' because it is a function.[0m [1m[35m[plugin angular-compiler][0m

    src/app/shared/components/message-box/message-box.ts:15:0:
[37m      15 │ [32mconfirm[37m=output<void>();
         ╵ [32m~~~~~~~[0m


[31mX [41;31m[[41;97mERROR[41;31m][0m [1mTS2304: Cannot find name 'output'.[0m [1m[35m[plugin angular-compiler][0m

    src/app/shared/components/message-box/message-box.ts:15:8:
[37m      15 │ confirm=[32moutput[37m<void>();
         ╵         [32m~~~~~~[0m


[31mX [41;31m[[41;97mERROR[41;31m][0m [1mTS2304: Cannot find name 'cancelar'.[0m [1m[35m[plugin angular-compiler][0m

    src/app/shared/components/message-box/message-box.ts:16:0:
[37m      16 │ [32mcancelar[37m=output<void>();
         ╵ [32m~~~~~~~~[0m


[31mX [41;31m[[41;97mERROR[41;31m][0m [1mTS2304: Cannot find name 'output'.[0m [1m[35m[plugin angular-compiler][0m

    src/app/shared/components/message-box/message-box.ts:16:9:
[37m      16 │ cancelar=[32moutput[37m<void>();
         ╵          [32m~~~~~~[0m


[31mX [41;31m[[41;97mERROR[41;31m][0m [1mTS1128: Declaration or statement expected.[0m [1m[35m[plugin angular-compiler][0m

    src/app/shared/components/message-box/message-box.ts:18:0:
[37m      18 │ [32m}[37m
         ╵ [32m^[0m


[33m▲ [43;33m[[43;30mWARNING[43;33m][0m [1mNG8113: All imports are unused[0m [1m[35m[plugin angular-compiler][0m

    src/app/app.ts:6:2:
[37m      6 │   [32mimports[37m: [RouterOutlet],
        ╵   [32m~~~~~~~[0m


[31mX [41;31m[[41;97mERROR[41;31m][0m [1mNG5002: Unexpected closing tag "router-oulet". It may happen when the tag has already been closed by another tag. For more info see https://www.w3.org/TR/html5/syntax.html#closing-elements-that-have-implied-end-tags[0m [1m[35m[plugin angular-compiler][0m

    src/app/app.html:0:0:
[37m      0 │ [32m[37m
        ╵ [32m^[0m

  Error occurs in the template of component App.

    src/app/app.ts:7:15:
[37m      7 │   templateUrl: [32m'./app.html'[37m,
        ╵                [32m~~~~~~~~~~~~[0m


[31mX [41;31m[[41;97mERROR[41;31m][0m [1mTS1434: Unexpected keyword or identifier.[0m [1m[35m[plugin angular-compiler][0m

    src/app/shared/components/message-box/message-box.ts:10:0:
[37m      10 │ [32mtittle[37m-input('confirmar accion');
         ╵ [32m~~~~~~[0m


[31mX [41;31m[[41;97mERROR[41;31m][0m [1mTS7008: Member 'tittle' implicitly has an 'any' type.[0m [1m[35m[plugin angular-compiler][0m

    src/app/shared/components/message-box/message-box.ts:10:0:
[37m      10 │ [32mtittle[37m-input('confirmar accion');
         ╵ [32m~~~~~~[0m


[31mX [41;31m[[41;97mERROR[41;31m][0m [1mTS1068: Unexpected token. A constructor, method, accessor, or property was expected.[0m [1m[35m[plugin angular-compiler][0m

    src/app/shared/components/message-box/message-box.ts:10:6:
[37m      10 │ tittle[32m-[37minput('confirmar accion');
         ╵       [32m^[0m


[31mX [41;31m[[41;97mERROR[41;31m][0m [1mTS2552: Cannot find name 'input'. Did you mean 'oninput'?[0m [1m[35m[plugin angular-compiler][0m

    src/app/shared/components/message-box/message-box.ts:10:7:
[37m      10 │ tittle-[32minput[37m('confirmar accion');
         ╵        [32m~~~~~[0m

  'oninput' is declared here.

    node_modules/typescript/lib/lib.dom.d.ts:43888:12:
[37m      43888 │ declare var [32moninput[37m: ((this: Window, ev: InputEvent) => any) | ...
            ╵             [32m~~~~~~~[0m


[31mX [41;31m[[41;97mERROR[41;31m][0m [1mTS2552: Cannot find name 'message'. Did you mean 'onmessage'?[0m [1m[35m[plugin angular-compiler][0m

    src/app/shared/components/message-box/message-box.ts:11:0:
[37m      11 │ [32mmessage[37m-input ('¿Estas seguro de realizar esta accion?");
         ╵ [32m~~~~~~~[0m

  'onmessage' is declared here.

    node_modules/typescript/lib/lib.dom.d.ts:44052:12:
[37m      44052 │ declare var [32monmessage[37m: ((this: Window, ev: MessageEvent) => any...
            ╵             [32m~~~~~~~~~[0m


[31mX [41;31m[[41;97mERROR[41;31m][0m [1mTS2552: Cannot find name 'input'. Did you mean 'oninput'?[0m [1m[35m[plugin angular-compiler][0m

    src/app/shared/components/message-box/message-box.ts:11:8:
[37m      11 │ message-[32minput[37m ('¿Estas seguro de realizar esta accion?");
         ╵         [32m~~~~~[0m

  'oninput' is declared here.

    node_modules/typescript/lib/lib.dom.d.ts:43888:12:
[37m      43888 │ declare var [32moninput[37m: ((this: Window, ev: InputEvent) => any) | ...
            ╵             [32m~~~~~~~[0m


[31mX [41;31m[[41;97mERROR[41;31m][0m [1mTS1002: Unterminated string literal.[0m [1m[35m[plugin angular-compiler][0m

    src/app/shared/components/message-box/message-box.ts:11:57:
[37m      11 │ message-input ('¿Estas seguro de realizar esta accion?")[32m[37m;
         ╵                                                         [32m^[0m


[31mX [41;31m[[41;97mERROR[41;31m][0m [1mTS1005: ',' expected.[0m [1m[35m[plugin angular-compiler][0m

    src/app/shared/components/message-box/message-box.ts:12:0:
[37m      12 │ [32mconfirmtext[37m-input ("Confirmar")
         ╵ [32m~~~~~~~~~~~[0m


[31mX [41;31m[[41;97mERROR[41;31m][0m [1mTS2304: Cannot find name 'confirmtext'.[0m [1m[35m[plugin angular-compiler][0m

    src/app/shared/components/message-box/message-box.ts:12:0:
[37m      12 │ [32mconfirmtext[37m-input ("Confirmar")
         ╵ [32m~~~~~~~~~~~[0m


[31mX [41;31m[[41;97mERROR[41;31m][0m [1mTS2552: Cannot find name 'input'. Did you mean 'oninput'?[0m [1m[35m[plugin angular-compiler][0m

    src/app/shared/components/message-box/message-box.ts:12:12:
[37m      12 │ confirmtext-[32minput[37m ("Confirmar")
         ╵             [32m~~~~~[0m

  'oninput' is declared here.

    node_modules/typescript/lib/lib.dom.d.ts:43888:12:
[37m      43888 │ declare var [32moninput[37m: ((this: Window, ev: InputEvent) => any) | ...
            ╵             [32m~~~~~~~[0m


[31mX [41;31m[[41;97mERROR[41;31m][0m [1mTS1005: ',' expected.[0m [1m[35m[plugin angular-compiler][0m

    src/app/shared/components/message-box/message-box.ts:13:0:
[37m      13 │ [32mcanceltext[37m=input("Cancelar");
         ╵ [32m~~~~~~~~~~[0m


[31mX [41;31m[[41;97mERROR[41;31m][0m [1mTS2304: Cannot find name 'canceltext'.[0m [1m[35m[plugin angular-compiler][0m

    src/app/shared/components/message-box/message-box.ts:13:0:
[37m      13 │ [32mcanceltext[37m=input("Cancelar");
         ╵ [32m~~~~~~~~~~[0m


[31mX [41;31m[[41;97mERROR[41;31m][0m [1mTS2552: Cannot find name 'input'. Did you mean 'oninput'?[0m [1m[35m[plugin angular-compiler][0m

    src/app/shared/components/message-box/message-box.ts:13:11:
[37m      13 │ canceltext=[32minput[37m("Cancelar");
         ╵            [32m~~~~~[0m

  'oninput' is declared here.

    node_modules/typescript/lib/lib.dom.d.ts:43888:12:
[37m      43888 │ declare var [32moninput[37m: ((this: Window, ev: InputEvent) => any) | ...
            ╵             [32m~~~~~~~[0m


[31mX [41;31m[[41;97mERROR[41;31m][0m [1mTS1005: ')' expected.[0m [1m[35m[plugin angular-compiler][0m

    src/app/shared/components/message-box/message-box.ts:13:28:
[37m      13 │ canceltext=input("Cancelar")[32m;[37m
         ╵                             [32m^[0m


[31mX [41;31m[[41;97mERROR[41;31m][0m [1mTS2630: Cannot assign to 'confirm' because it is a function.[0m [1m[35m[plugin angular-compiler][0m

    src/app/shared/components/message-box/message-box.ts:15:0:
[37m      15 │ [32mconfirm[37m=output<void>();
         ╵ [32m~~~~~~~[0m


[31mX [41;31m[[41;97mERROR[41;31m][0m [1mTS2304: Cannot find name 'output'.[0m [1m[35m[plugin angular-compiler][0m

    src/app/shared/components/message-box/message-box.ts:15:8:
[37m      15 │ confirm=[32moutput[37m<void>();
         ╵         [32m~~~~~~[0m


[31mX [41;31m[[41;97mERROR[41;31m][0m [1mTS2304: Cannot find name 'cancelar'.[0m [1m[35m[plugin angular-compiler][0m

    src/app/shared/components/message-box/message-box.ts:16:0:
[37m      16 │ [32mcancelar[37m=output<void>();
         ╵ [32m~~~~~~~~[0m


[31mX [41;31m[[41;97mERROR[41;31m][0m [1mTS2304: Cannot find name 'output'.[0m [1m[35m[plugin angular-compiler][0m

    src/app/shared/components/message-box/message-box.ts:16:9:
[37m      16 │ cancelar=[32moutput[37m<void>();
         ╵          [32m~~~~~~[0m


[31mX [41;31m[[41;97mERROR[41;31m][0m [1mTS1128: Declaration or statement expected.[0m [1m[35m[plugin angular-compiler][0m

    src/app/shared/components/message-box/message-box.ts:18:0:
[37m      18 │ [32m}[37m
         ╵ [32m^[0m


[33m▲ [43;33m[[43;30mWARNING[43;33m][0m [1mNG8113: All imports are unused[0m [1m[35m[plugin angular-compiler][0m

    src/app/app.ts:6:2:
[37m      6 │   [32mimports[37m: [RouterOutlet],
        ╵   [32m~~~~~~~[0m


[31mX [41;31m[[41;97mERROR[41;31m][0m [1mNG5002: Unexpected closing tag "router-oulet". It may happen when the tag has already been closed by another tag. For more info see https://www.w3.org/TR/html5/syntax.html#closing-elements-that-have-implied-end-tags[0m [1m[35m[plugin angular-compiler][0m

    src/app/app.html:0:0:
[37m      0 │ [32m[37m
        ╵ [32m^[0m

  Error occurs in the template of component App.

    src/app/app.ts:7:15:
[37m      7 │   templateUrl: [32m'./app.html'[37m,
        ╵                [32m~~~~~~~~~~~~[0m


[31mX [41;31m[[41;97mERROR[41;31m][0m [1mTS1434: Unexpected keyword or identifier.[0m [1m[35m[plugin angular-compiler][0m

    src/app/shared/components/message-box/message-box.ts:10:0:
[37m      10 │ [32mtittle[37m-input('confirmar accion');
         ╵ [32m~~~~~~[0m


[31mX [41;31m[[41;97mERROR[41;31m][0m [1mTS7008: Member 'tittle' implicitly has an 'any' type.[0m [1m[35m[plugin angular-compiler][0m

    src/app/shared/components/message-box/message-box.ts:10:0:
[37m      10 │ [32mtittle[37m-input('confirmar accion');
         ╵ [32m~~~~~~[0m


[31mX [41;31m[[41;97mERROR[41;31m][0m [1mTS1068: Unexpected token. A constructor, method, accessor, or property was expected.[0m [1m[35m[plugin angular-compiler][0m

    src/app/shared/components/message-box/message-box.ts:10:6:
[37m      10 │ tittle[32m-[37minput('confirmar accion');
         ╵       [32m^[0m


[31mX [41;31m[[41;97mERROR[41;31m][0m [1mTS2552: Cannot find name 'input'. Did you mean 'oninput'?[0m [1m[35m[plugin angular-compiler][0m

    src/app/shared/components/message-box/message-box.ts:10:7:
[37m      10 │ tittle-[32minput[37m('confirmar accion');
         ╵        [32m~~~~~[0m

  'oninput' is declared here.

    node_modules/typescript/lib/lib.dom.d.ts:43888:12:
[37m      43888 │ declare var [32moninput[37m: ((this: Window, ev: InputEvent) => any) | ...
            ╵             [32m~~~~~~~[0m


[31mX [41;31m[[41;97mERROR[41;31m][0m [1mTS2552: Cannot find name 'message'. Did you mean 'onmessage'?[0m [1m[35m[plugin angular-compiler][0m

    src/app/shared/components/message-box/message-box.ts:11:0:
[37m      11 │ [32mmessage[37m-input ('¿Estas seguro de realizar esta accion?");
         ╵ [32m~~~~~~~[0m

  'onmessage' is declared here.

    node_modules/typescript/lib/lib.dom.d.ts:44052:12:
[37m      44052 │ declare var [32monmessage[37m: ((this: Window, ev: MessageEvent) => any...
            ╵             [32m~~~~~~~~~[0m


[31mX [41;31m[[41;97mERROR[41;31m][0m [1mTS2552: Cannot find name 'input'. Did you mean 'oninput'?[0m [1m[35m[plugin angular-compiler][0m

    src/app/shared/components/message-box/message-box.ts:11:8:
[37m      11 │ message-[32minput[37m ('¿Estas seguro de realizar esta accion?");
         ╵         [32m~~~~~[0m

  'oninput' is declared here.

    node_modules/typescript/lib/lib.dom.d.ts:43888:12:
[37m      43888 │ declare var [32moninput[37m: ((this: Window, ev: InputEvent) => any) | ...
            ╵             [32m~~~~~~~[0m


[31mX [41;31m[[41;97mERROR[41;31m][0m [1mTS1002: Unterminated string literal.[0m [1m[35m[plugin angular-compiler][0m

    src/app/shared/components/message-box/message-box.ts:11:57:
[37m      11 │ message-input ('¿Estas seguro de realizar esta accion?")[32m[37m;
         ╵                                                         [32m^[0m


[31mX [41;31m[[41;97mERROR[41;31m][0m [1mTS1005: ',' expected.[0m [1m[35m[plugin angular-compiler][0m

    src/app/shared/components/message-box/message-box.ts:12:0:
[37m      12 │ [32mconfirmtext[37m=input ("Confirmar")
         ╵ [32m~~~~~~~~~~~[0m


[31mX [41;31m[[41;97mERROR[41;31m][0m [1mTS2304: Cannot find name 'confirmtext'.[0m [1m[35m[plugin angular-compiler][0m

    src/app/shared/components/message-box/message-box.ts:12:0:
[37m      12 │ [32mconfirmtext[37m=input ("Confirmar")
         ╵ [32m~~~~~~~~~~~[0m


[31mX [41;31m[[41;97mERROR[41;31m][0m [1mTS2552: Cannot find name 'input'. Did you mean 'oninput'?[0m [1m[35m[plugin angular-compiler][0m

    src/app/shared/components/message-box/message-box.ts:12:12:
[37m      12 │ confirmtext=[32minput[37m ("Confirmar")
         ╵             [32m~~~~~[0m

  'oninput' is declared here.

    node_modules/typescript/lib/lib.dom.d.ts:43888:12:
[37m      43888 │ declare var [32moninput[37m: ((this: Window, ev: InputEvent) => any) | ...
            ╵             [32m~~~~~~~[0m


[31mX [41;31m[[41;97mERROR[41;31m][0m [1mTS1005: ',' expected.[0m [1m[35m[plugin angular-compiler][0m

    src/app/shared/components/message-box/message-box.ts:13:0:
[37m      13 │ [32mcanceltext[37m=input("Cancelar");
         ╵ [32m~~~~~~~~~~[0m


[31mX [41;31m[[41;97mERROR[41;31m][0m [1mTS2304: Cannot find name 'canceltext'.[0m [1m[35m[plugin angular-compiler][0m

    src/app/shared/components/message-box/message-box.ts:13:0:
[37m      13 │ [32mcanceltext[37m=input("Cancelar");
         ╵ [32m~~~~~~~~~~[0m


[31mX [41;31m[[41;97mERROR[41;31m][0m [1mTS2552: Cannot find name 'input'. Did you mean 'oninput'?[0m [1m[35m[plugin angular-compiler][0m

    src/app/shared/components/message-box/message-box.ts:13:11:
[37m      13 │ canceltext=[32minput[37m("Cancelar");
         ╵            [32m~~~~~[0m

  'oninput' is declared here.

    node_modules/typescript/lib/lib.dom.d.ts:43888:12:
[37m      43888 │ declare var [32moninput[37m: ((this: Window, ev: InputEvent) => any) | ...
            ╵             [32m~~~~~~~[0m


[31mX [41;31m[[41;97mERROR[41;31m][0m [1mTS1005: ')' expected.[0m [1m[35m[plugin angular-compiler][0m

    src/app/shared/components/message-box/message-box.ts:13:28:
[37m      13 │ canceltext=input("Cancelar")[32m;[37m
         ╵                             [32m^[0m


[31mX [41;31m[[41;97mERROR[41;31m][0m [1mTS2630: Cannot assign to 'confirm' because it is a function.[0m [1m[35m[plugin angular-compiler][0m

    src/app/shared/components/message-box/message-box.ts:15:0:
[37m      15 │ [32mconfirm[37m=output<void>();
         ╵ [32m~~~~~~~[0m


[31mX [41;31m[[41;97mERROR[41;31m][0m [1mTS2304: Cannot find name 'output'.[0m [1m[35m[plugin angular-compiler][0m

    src/app/shared/components/message-box/message-box.ts:15:8:
[37m      15 │ confirm=[32moutput[37m<void>();
         ╵         [32m~~~~~~[0m


[31mX [41;31m[[41;97mERROR[41;31m][0m [1mTS2304: Cannot find name 'cancelar'.[0m [1m[35m[plugin angular-compiler][0m

    src/app/shared/components/message-box/message-box.ts:16:0:
[37m      16 │ [32mcancelar[37m=output<void>();
         ╵ [32m~~~~~~~~[0m


[31mX [41;31m[[41;97mERROR[41;31m][0m [1mTS2304: Cannot find name 'output'.[0m [1m[35m[plugin angular-compiler][0m

    src/app/shared/components/message-box/message-box.ts:16:9:
[37m      16 │ cancelar=[32moutput[37m<void>();
         ╵          [32m~~~~~~[0m


[31mX [41;31m[[41;97mERROR[41;31m][0m [1mTS1128: Declaration or statement expected.[0m [1m[35m[plugin angular-compiler][0m

    src/app/shared/components/message-box/message-box.ts:18:0:
[37m      18 │ [32m}[37m
         ╵ [32m^[0m


[33m▲ [43;33m[[43;30mWARNING[43;33m][0m [1mNG8113: All imports are unused[0m [1m[35m[plugin angular-compiler][0m

    src/app/app.ts:6:2:
[37m      6 │   [32mimports[37m: [RouterOutlet],
        ╵   [32m~~~~~~~[0m


[31mX [41;31m[[41;97mERROR[41;31m][0m [1mNG5002: Unexpected closing tag "router-oulet". It may happen when the tag has already been closed by another tag. For more info see https://www.w3.org/TR/html5/syntax.html#closing-elements-that-have-implied-end-tags[0m [1m[35m[plugin angular-compiler][0m

    src/app/app.html:0:0:
[37m      0 │ [32m[37m
        ╵ [32m^[0m

  Error occurs in the template of component App.

    src/app/app.ts:7:15:
[37m      7 │   templateUrl: [32m'./app.html'[37m,
        ╵                [32m~~~~~~~~~~~~[0m


[31mX [41;31m[[41;97mERROR[41;31m][0m [1mTS1434: Unexpected keyword or identifier.[0m [1m[35m[plugin angular-compiler][0m

    src/app/shared/components/message-box/message-box.ts:10:0:
[37m      10 │ [32mtittle[37m-input('confirmar accion');
         ╵ [32m~~~~~~[0m


[31mX [41;31m[[41;97mERROR[41;31m][0m [1mTS7008: Member 'tittle' implicitly has an 'any' type.[0m [1m[35m[plugin angular-compiler][0m

    src/app/shared/components/message-box/message-box.ts:10:0:
[37m      10 │ [32mtittle[37m-input('confirmar accion');
         ╵ [32m~~~~~~[0m


[31mX [41;31m[[41;97mERROR[41;31m][0m [1mTS1068: Unexpected token. A constructor, method, accessor, or property was expected.[0m [1m[35m[plugin angular-compiler][0m

    src/app/shared/components/message-box/message-box.ts:10:6:
[37m      10 │ tittle[32m-[37minput('confirmar accion');
         ╵       [32m^[0m


[31mX [41;31m[[41;97mERROR[41;31m][0m [1mTS2552: Cannot find name 'input'. Did you mean 'oninput'?[0m [1m[35m[plugin angular-compiler][0m

    src/app/shared/components/message-box/message-box.ts:10:7:
[37m      10 │ tittle-[32minput[37m('confirmar accion');
         ╵        [32m~~~~~[0m

  'oninput' is declared here.

    node_modules/typescript/lib/lib.dom.d.ts:43888:12:
[37m      43888 │ declare var [32moninput[37m: ((this: Window, ev: InputEvent) => any) | ...
            ╵             [32m~~~~~~~[0m


[31mX [41;31m[[41;97mERROR[41;31m][0m [1mTS2552: Cannot find name 'message'. Did you mean 'onmessage'?[0m [1m[35m[plugin angular-compiler][0m

    src/app/shared/components/message-box/message-box.ts:11:0:
[37m      11 │ [32mmessage[37m=input ('¿Estas seguro de realizar esta accion?");
         ╵ [32m~~~~~~~[0m

  'onmessage' is declared here.

    node_modules/typescript/lib/lib.dom.d.ts:44052:12:
[37m      44052 │ declare var [32monmessage[37m: ((this: Window, ev: MessageEvent) => any...
            ╵             [32m~~~~~~~~~[0m


[31mX [41;31m[[41;97mERROR[41;31m][0m [1mTS2552: Cannot find name 'input'. Did you mean 'oninput'?[0m [1m[35m[plugin angular-compiler][0m

    src/app/shared/components/message-box/message-box.ts:11:8:
[37m      11 │ message=[32minput[37m ('¿Estas seguro de realizar esta accion?");
         ╵         [32m~~~~~[0m

  'oninput' is declared here.

    node_modules/typescript/lib/lib.dom.d.ts:43888:12:
[37m      43888 │ declare var [32moninput[37m: ((this: Window, ev: InputEvent) => any) | ...
            ╵             [32m~~~~~~~[0m


[31mX [41;31m[[41;97mERROR[41;31m][0m [1mTS1002: Unterminated string literal.[0m [1m[35m[plugin angular-compiler][0m

    src/app/shared/components/message-box/message-box.ts:11:57:
[37m      11 │ message=input ('¿Estas seguro de realizar esta accion?")[32m[37m;
         ╵                                                         [32m^[0m


[31mX [41;31m[[41;97mERROR[41;31m][0m [1mTS1005: ',' expected.[0m [1m[35m[plugin angular-compiler][0m

    src/app/shared/components/message-box/message-box.ts:12:0:
[37m      12 │ [32mconfirmtext[37m=input ("Confirmar")
         ╵ [32m~~~~~~~~~~~[0m


[31mX [41;31m[[41;97mERROR[41;31m][0m [1mTS2304: Cannot find name 'confirmtext'.[0m [1m[35m[plugin angular-compiler][0m

    src/app/shared/components/message-box/message-box.ts:12:0:
[37m      12 │ [32mconfirmtext[37m=input ("Confirmar")
         ╵ [32m~~~~~~~~~~~[0m


[31mX [41;31m[[41;97mERROR[41;31m][0m [1mTS2552: Cannot find name 'input'. Did you mean 'oninput'?[0m [1m[35m[plugin angular-compiler][0m

    src/app/shared/components/message-box/message-box.ts:12:12:
[37m      12 │ confirmtext=[32minput[37m ("Confirmar")
         ╵             [32m~~~~~[0m

  'oninput' is declared here.

    node_modules/typescript/lib/lib.dom.d.ts:43888:12:
[37m      43888 │ declare var [32moninput[37m: ((this: Window, ev: InputEvent) => any) | ...
            ╵             [32m~~~~~~~[0m


[31mX [41;31m[[41;97mERROR[41;31m][0m [1mTS1005: ',' expected.[0m [1m[35m[plugin angular-compiler][0m

    src/app/shared/components/message-box/message-box.ts:13:0:
[37m      13 │ [32mcanceltext[37m=input("Cancelar");
         ╵ [32m~~~~~~~~~~[0m


[31mX [41;31m[[41;97mERROR[41;31m][0m [1mTS2304: Cannot find name 'canceltext'.[0m [1m[35m[plugin angular-compiler][0m

    src/app/shared/components/message-box/message-box.ts:13:0:
[37m      13 │ [32mcanceltext[37m=input("Cancelar");
         ╵ [32m~~~~~~~~~~[0m


[31mX [41;31m[[41;97mERROR[41;31m][0m [1mTS2552: Cannot find name 'input'. Did you mean 'oninput'?[0m [1m[35m[plugin angular-compiler][0m

    src/app/shared/components/message-box/message-box.ts:13:11:
[37m      13 │ canceltext=[32minput[37m("Cancelar");
         ╵            [32m~~~~~[0m

  'oninput' is declared here.

    node_modules/typescript/lib/lib.dom.d.ts:43888:12:
[37m      43888 │ declare var [32moninput[37m: ((this: Window, ev: InputEvent) => any) | ...
            ╵             [32m~~~~~~~[0m


[31mX [41;31m[[41;97mERROR[41;31m][0m [1mTS1005: ')' expected.[0m [1m[35m[plugin angular-compiler][0m

    src/app/shared/components/message-box/message-box.ts:13:28:
[37m      13 │ canceltext=input("Cancelar")[32m;[37m
         ╵                             [32m^[0m


[31mX [41;31m[[41;97mERROR[41;31m][0m [1mTS2630: Cannot assign to 'confirm' because it is a function.[0m [1m[35m[plugin angular-compiler][0m

    src/app/shared/components/message-box/message-box.ts:15:0:
[37m      15 │ [32mconfirm[37m=output<void>();
         ╵ [32m~~~~~~~[0m


[31mX [41;31m[[41;97mERROR[41;31m][0m [1mTS2304: Cannot find name 'output'.[0m [1m[35m[plugin angular-compiler][0m

    src/app/shared/components/message-box/message-box.ts:15:8:
[37m      15 │ confirm=[32moutput[37m<void>();
         ╵         [32m~~~~~~[0m


[31mX [41;31m[[41;97mERROR[41;31m][0m [1mTS2304: Cannot find name 'cancelar'.[0m [1m[35m[plugin angular-compiler][0m

    src/app/shared/components/message-box/message-box.ts:16:0:
[37m      16 │ [32mcancelar[37m=output<void>();
         ╵ [32m~~~~~~~~[0m


[31mX [41;31m[[41;97mERROR[41;31m][0m [1mTS2304: Cannot find name 'output'.[0m [1m[35m[plugin angular-compiler][0m

    src/app/shared/components/message-box/message-box.ts:16:9:
[37m      16 │ cancelar=[32moutput[37m<void>();
         ╵          [32m~~~~~~[0m


[31mX [41;31m[[41;97mERROR[41;31m][0m [1mTS1128: Declaration or statement expected.[0m [1m[35m[plugin angular-compiler][0m

    src/app/shared/components/message-box/message-box.ts:18:0:
[37m      18 │ [32m}[37m
         ╵ [32m^[0m


[33m▲ [43;33m[[43;30mWARNING[43;33m][0m [1mNG8113: All imports are unused[0m [1m[35m[plugin angular-compiler][0m

    src/app/app.ts:6:2:
[37m      6 │   [32mimports[37m: [RouterOutlet],
        ╵   [32m~~~~~~~[0m


[31mX [41;31m[[41;97mERROR[41;31m][0m [1mNG5002: Unexpected closing tag "router-oulet". It may happen when the tag has already been closed by another tag. For more info see https://www.w3.org/TR/html5/syntax.html#closing-elements-that-have-implied-end-tags[0m [1m[35m[plugin angular-compiler][0m

    src/app/app.html:0:0:
[37m      0 │ [32m[37m
        ╵ [32m^[0m

  Error occurs in the template of component App.

    src/app/app.ts:7:15:
[37m      7 │   templateUrl: [32m'./app.html'[37m,
        ╵                [32m~~~~~~~~~~~~[0m


[31mX [41;31m[[41;97mERROR[41;31m][0m [1mTS2552: Cannot find name 'input'. Did you mean 'oninput'?[0m [1m[35m[plugin angular-compiler][0m

    src/app/shared/components/message-box/message-box.ts:10:7:
[37m      10 │ tittle=[32minput[37m('confirmar accion');
         ╵        [32m~~~~~[0m

  'oninput' is declared here.

    node_modules/typescript/lib/lib.dom.d.ts:43888:12:
[37m      43888 │ declare var [32moninput[37m: ((this: Window, ev: InputEvent) => any) | ...
            ╵             [32m~~~~~~~[0m


[31mX [41;31m[[41;97mERROR[41;31m][0m [1mTS2552: Cannot find name 'input'. Did you mean 'oninput'?[0m [1m[35m[plugin angular-compiler][0m

    src/app/shared/components/message-box/message-box.ts:11:8:
[37m      11 │ message=[32minput[37m ('¿Estas seguro de realizar esta accion?");
         ╵         [32m~~~~~[0m

  'oninput' is declared here.

    node_modules/typescript/lib/lib.dom.d.ts:43888:12:
[37m      43888 │ declare var [32moninput[37m: ((this: Window, ev: InputEvent) => any) | ...
            ╵             [32m~~~~~~~[0m


[31mX [41;31m[[41;97mERROR[41;31m][0m [1mTS1002: Unterminated string literal.[0m [1m[35m[plugin angular-compiler][0m

    src/app/shared/components/message-box/message-box.ts:11:57:
[37m      11 │ message=input ('¿Estas seguro de realizar esta accion?")[32m[37m;
         ╵                                                         [32m^[0m


[31mX [41;31m[[41;97mERROR[41;31m][0m [1mTS1005: ',' expected.[0m [1m[35m[plugin angular-compiler][0m

    src/app/shared/components/message-box/message-box.ts:12:0:
[37m      12 │ [32mconfirmtext[37m=input ("Confirmar")
         ╵ [32m~~~~~~~~~~~[0m


[31mX [41;31m[[41;97mERROR[41;31m][0m [1mTS2304: Cannot find name 'confirmtext'.[0m [1m[35m[plugin angular-compiler][0m

    src/app/shared/components/message-box/message-box.ts:12:0:
[37m      12 │ [32mconfirmtext[37m=input ("Confirmar")
         ╵ [32m~~~~~~~~~~~[0m


[31mX [41;31m[[41;97mERROR[41;31m][0m [1mTS2552: Cannot find name 'input'. Did you mean 'oninput'?[0m [1m[35m[plugin angular-compiler][0m

    src/app/shared/components/message-box/message-box.ts:12:12:
[37m      12 │ confirmtext=[32minput[37m ("Confirmar")
         ╵             [32m~~~~~[0m

  'oninput' is declared here.

    node_modules/typescript/lib/lib.dom.d.ts:43888:12:
[37m      43888 │ declare var [32moninput[37m: ((this: Window, ev: InputEvent) => any) | ...
            ╵             [32m~~~~~~~[0m


[31mX [41;31m[[41;97mERROR[41;31m][0m [1mTS1005: ',' expected.[0m [1m[35m[plugin angular-compiler][0m

    src/app/shared/components/message-box/message-box.ts:13:0:
[37m      13 │ [32mcanceltext[37m=input("Cancelar");
         ╵ [32m~~~~~~~~~~[0m


[31mX [41;31m[[41;97mERROR[41;31m][0m [1mTS2304: Cannot find name 'canceltext'.[0m [1m[35m[plugin angular-compiler][0m

    src/app/shared/components/message-box/message-box.ts:13:0:
[37m      13 │ [32mcanceltext[37m=input("Cancelar");
         ╵ [32m~~~~~~~~~~[0m


[31mX [41;31m[[41;97mERROR[41;31m][0m [1mTS2552: Cannot find name 'input'. Did you mean 'oninput'?[0m [1m[35m[plugin angular-compiler][0m

    src/app/shared/components/message-box/message-box.ts:13:11:
[37m      13 │ canceltext=[32minput[37m("Cancelar");
         ╵            [32m~~~~~[0m

  'oninput' is declared here.

    node_modules/typescript/lib/lib.dom.d.ts:43888:12:
[37m      43888 │ declare var [32moninput[37m: ((this: Window, ev: InputEvent) => any) | ...
            ╵             [32m~~~~~~~[0m


[31mX [41;31m[[41;97mERROR[41;31m][0m [1mTS1005: ')' expected.[0m [1m[35m[plugin angular-compiler][0m

    src/app/shared/components/message-box/message-box.ts:13:28:
[37m      13 │ canceltext=input("Cancelar")[32m;[37m
         ╵                             [32m^[0m


[31mX [41;31m[[41;97mERROR[41;31m][0m [1mTS2304: Cannot find name 'output'.[0m [1m[35m[plugin angular-compiler][0m

    src/app/shared/components/message-box/message-box.ts:15:8:
[37m      15 │ confirm=[32moutput[37m<void>();
         ╵         [32m~~~~~~[0m


[31mX [41;31m[[41;97mERROR[41;31m][0m [1mTS2304: Cannot find name 'output'.[0m [1m[35m[plugin angular-compiler][0m

    src/app/shared/components/message-box/message-box.ts:16:9:
[37m      16 │ cancelar=[32moutput[37m<void>();
         ╵          [32m~~~~~~[0m


[33m▲ [43;33m[[43;30mWARNING[43;33m][0m [1mNG8113: All imports are unused[0m [1m[35m[plugin angular-compiler][0m

    src/app/app.ts:6:2:
[37m      6 │   [32mimports[37m: [RouterOutlet],
        ╵   [32m~~~~~~~[0m


[31mX [41;31m[[41;97mERROR[41;31m][0m [1mNG5002: Unexpected closing tag "router-oulet". It may happen when the tag has already been closed by another tag. For more info see https://www.w3.org/TR/html5/syntax.html#closing-elements-that-have-implied-end-tags[0m [1m[35m[plugin angular-compiler][0m

    src/app/app.html:0:0:
[37m      0 │ [32m[37m
        ╵ [32m^[0m

  Error occurs in the template of component App.

    src/app/app.ts:7:15:
[37m      7 │   templateUrl: [32m'./app.html'[37m,
        ╵                [32m~~~~~~~~~~~~[0m


[31mX [41;31m[[41;97mERROR[41;31m][0m [1mTS2552: Cannot find name 'input'. Did you mean 'oninput'?[0m [1m[35m[plugin angular-compiler][0m

    src/app/shared/components/message-box/message-box.ts:10:7:
[37m      10 │ tittle=[32minput[37m('confirmar accion');
         ╵        [32m~~~~~[0m

  'oninput' is declared here.

    node_modules/typescript/lib/lib.dom.d.ts:43888:12:
[37m      43888 │ declare var [32moninput[37m: ((this: Window, ev: InputEvent) => any) | ...
            ╵             [32m~~~~~~~[0m


[31mX [41;31m[[41;97mERROR[41;31m][0m [1mTS2552: Cannot find name 'input'. Did you mean 'oninput'?[0m [1m[35m[plugin angular-compiler][0m

    src/app/shared/components/message-box/message-box.ts:11:8:
[37m      11 │ message=[32minput[37m (¿Estas seguro de realizar esta accion?");
         ╵         [32m~~~~~[0m

  'oninput' is declared here.

    node_modules/typescript/lib/lib.dom.d.ts:43888:12:
[37m      43888 │ declare var [32moninput[37m: ((this: Window, ev: InputEvent) => any) | ...
            ╵             [32m~~~~~~~[0m


[31mX [41;31m[[41;97mERROR[41;31m][0m [1mTS1127: Invalid character.[0m [1m[35m[plugin angular-compiler][0m

    src/app/shared/components/message-box/message-box.ts:11:15:
[37m      11 │ message=input ([32m�[37m�Estas seguro de realizar esta accion?");
         ╵                [32m^[0m


[31mX [41;31m[[41;97mERROR[41;31m][0m [1mTS2304: Cannot find name 'Estas'.[0m [1m[35m[plugin angular-compiler][0m

    src/app/shared/components/message-box/message-box.ts:11:16:
[37m      11 │ message=input (�[32m�Esta[37ms seguro de realizar esta accion?");
         ╵                 [32m~~~~~[0m


[31mX [41;31m[[41;97mERROR[41;31m][0m [1mTS1005: ',' expected.[0m [1m[35m[plugin angular-compiler][0m

    src/app/shared/components/message-box/message-box.ts:11:22:
[37m      11 │ message=input (¿Estas[32m segur[37mo de realizar esta accion?");
         ╵                      [32m~~~~~~[0m


[31mX [41;31m[[41;97mERROR[41;31m][0m [1mTS2304: Cannot find name 'seguro'.[0m [1m[35m[plugin angular-compiler][0m

    src/app/shared/components/message-box/message-box.ts:11:22:
[37m      11 │ message=input (¿Estas[32m segur[37mo de realizar esta accion?");
         ╵                      [32m~~~~~~[0m


[31mX [41;31m[[41;97mERROR[41;31m][0m [1mTS1005: ',' expected.[0m [1m[35m[plugin angular-compiler][0m

    src/app/shared/components/message-box/message-box.ts:11:29:
[37m      11 │ message=input (¿Estas seguro[32m d[37me realizar esta accion?");
         ╵                             [32m~~[0m


[31mX [41;31m[[41;97mERROR[41;31m][0m [1mTS2304: Cannot find name 'de'.[0m [1m[35m[plugin angular-compiler][0m

    src/app/shared/components/message-box/message-box.ts:11:29:
[37m      11 │ message=input (¿Estas seguro[32m d[37me realizar esta accion?");
         ╵                             [32m~~[0m


[31mX [41;31m[[41;97mERROR[41;31m][0m [1mTS1005: ',' expected.[0m [1m[35m[plugin angular-compiler][0m

    src/app/shared/components/message-box/message-box.ts:11:32:
[37m      11 │ message=input (¿Estas seguro de[32m realiza[37mr esta accion?");
         ╵                                [32m~~~~~~~~[0m


[31mX [41;31m[[41;97mERROR[41;31m][0m [1mTS2304: Cannot find name 'realizar'.[0m [1m[35m[plugin angular-compiler][0m

    src/app/shared/components/message-box/message-box.ts:11:32:
[37m      11 │ message=input (¿Estas seguro de[32m realiza[37mr esta accion?");
         ╵                                [32m~~~~~~~~[0m


[31mX [41;31m[[41;97mERROR[41;31m][0m [1mTS1005: ',' expected.[0m [1m[35m[plugin angular-compiler][0m

    src/app/shared/components/message-box/message-box.ts:11:41:
[37m      11 │ message=input (¿Estas seguro de realizar[32m est[37ma accion?");
         ╵                                         [32m~~~~[0m


[31mX [41;31m[[41;97mERROR[41;31m][0m [1mTS2304: Cannot find name 'esta'.[0m [1m[35m[plugin angular-compiler][0m

    src/app/shared/components/message-box/message-box.ts:11:41:
[37m      11 │ message=input (¿Estas seguro de realizar[32m est[37ma accion?");
         ╵                                         [32m~~~~[0m


[31mX [41;31m[[41;97mERROR[41;31m][0m [1mTS1005: ',' expected.[0m [1m[35m[plugin angular-compiler][0m

    src/app/shared/components/message-box/message-box.ts:11:46:
[37m      11 │ message=input (¿Estas seguro de realizar esta[32m accio[37mn?");
         ╵                                              [32m~~~~~~[0m


[31mX [41;31m[[41;97mERROR[41;31m][0m [1mTS2304: Cannot find name 'accion'.[0m [1m[35m[plugin angular-compiler][0m

    src/app/shared/components/message-box/message-box.ts:11:46:
[37m      11 │ message=input (¿Estas seguro de realizar esta[32m accio[37mn?");
         ╵                                              [32m~~~~~~[0m


[31mX [41;31m[[41;97mERROR[41;31m][0m [1mTS1002: Unterminated string literal.[0m [1m[35m[plugin angular-compiler][0m

    src/app/shared/components/message-box/message-box.ts:11:56:
[37m      11 │ message=input (¿Estas seguro de realizar esta accion?")[32m[37m;
         ╵                                                        [32m^[0m


[31mX [41;31m[[41;97mERROR[41;31m][0m [1mTS1005: ':' expected.[0m [1m[35m[plugin angular-compiler][0m

    src/app/shared/components/message-box/message-box.ts:12:0:
[37m      12 │ [32mconfirmtext[37m=input ("Confirmar")
         ╵ [32m~~~~~~~~~~~[0m


[31mX [41;31m[[41;97mERROR[41;31m][0m [1mTS2304: Cannot find name 'confirmtext'.[0m [1m[35m[plugin angular-compiler][0m

    src/app/shared/components/message-box/message-box.ts:12:0:
[37m      12 │ [32mconfirmtext[37m=input ("Confirmar")
         ╵ [32m~~~~~~~~~~~[0m


[31mX [41;31m[[41;97mERROR[41;31m][0m [1mTS2552: Cannot find name 'input'. Did you mean 'oninput'?[0m [1m[35m[plugin angular-compiler][0m

    src/app/shared/components/message-box/message-box.ts:12:12:
[37m      12 │ confirmtext=[32minput[37m ("Confirmar")
         ╵             [32m~~~~~[0m

  'oninput' is declared here.

    node_modules/typescript/lib/lib.dom.d.ts:43888:12:
[37m      43888 │ declare var [32moninput[37m: ((this: Window, ev: InputEvent) => any) | ...
            ╵             [32m~~~~~~~[0m


[31mX [41;31m[[41;97mERROR[41;31m][0m [1mTS1005: ',' expected.[0m [1m[35m[plugin angular-compiler][0m

    src/app/shared/components/message-box/message-box.ts:13:0:
[37m      13 │ [32mcanceltext[37m=input("Cancelar");
         ╵ [32m~~~~~~~~~~[0m


[31mX [41;31m[[41;97mERROR[41;31m][0m [1mTS2304: Cannot find name 'canceltext'.[0m [1m[35m[plugin angular-compiler][0m

    src/app/shared/components/message-box/message-box.ts:13:0:
[37m      13 │ [32mcanceltext[37m=input("Cancelar");
         ╵ [32m~~~~~~~~~~[0m


[31mX [41;31m[[41;97mERROR[41;31m][0m [1mTS2304: Cannot find name 'input'.[0m [1m[35m[plugin angular-compiler][0m

    src/app/shared/components/message-box/message-box.ts:13:11:
[37m      13 │ canceltext=[32minput[37m("Cancelar");
         ╵            [32m~~~~~[0m


[31mX [41;31m[[41;97mERROR[41;31m][0m [1mTS1005: ')' expected.[0m [1m[35m[plugin angular-compiler][0m

    src/app/shared/components/message-box/message-box.ts:13:28:
[37m      13 │ canceltext=input("Cancelar")[32m;[37m
         ╵                             [32m^[0m


[31mX [41;31m[[41;97mERROR[41;31m][0m [1mTS2304: Cannot find name 'output'.[0m [1m[35m[plugin angular-compiler][0m

    src/app/shared/components/message-box/message-box.ts:15:8:
[37m      15 │ confirm=[32moutput[37m<void>();
         ╵         [32m~~~~~~[0m


[31mX [41;31m[[41;97mERROR[41;31m][0m [1mTS2304: Cannot find name 'output'.[0m [1m[35m[plugin angular-compiler][0m

    src/app/shared/components/message-box/message-box.ts:16:9:
[37m      16 │ cancelar=[32moutput[37m<void>();
         ╵          [32m~~~~~~[0m


[33m▲ [43;33m[[43;30mWARNING[43;33m][0m [1mNG8113: All imports are unused[0m [1m[35m[plugin angular-compiler][0m

    src/app/app.ts:6:2:
[37m      6 │   [32mimports[37m: [RouterOutlet],
        ╵   [32m~~~~~~~[0m


[31mX [41;31m[[41;97mERROR[41;31m][0m [1mNG5002: Unexpected closing tag "router-oulet". It may happen when the tag has already been closed by another tag. For more info see https://www.w3.org/TR/html5/syntax.html#closing-elements-that-have-implied-end-tags[0m [1m[35m[plugin angular-compiler][0m

    src/app/app.html:0:0:
[37m      0 │ [32m[37m
        ╵ [32m^[0m

  Error occurs in the template of component App.

    src/app/app.ts:7:15:
[37m      7 │   templateUrl: [32m'./app.html'[37m,
        ╵                [32m~~~~~~~~~~~~[0m


[31mX [41;31m[[41;97mERROR[41;31m][0m [1mTS2552: Cannot find name 'input'. Did you mean 'oninput'?[0m [1m[35m[plugin angular-compiler][0m

    src/app/shared/components/message-box/message-box.ts:10:7:
[37m      10 │ tittle=[32minput[37m('confirmar accion');
         ╵        [32m~~~~~[0m

  'oninput' is declared here.

    node_modules/typescript/lib/lib.dom.d.ts:43888:12:
[37m      43888 │ declare var [32moninput[37m: ((this: Window, ev: InputEvent) => any) | ...
            ╵             [32m~~~~~~~[0m


[31mX [41;31m[[41;97mERROR[41;31m][0m [1mTS2552: Cannot find name 'input'. Did you mean 'oninput'?[0m [1m[35m[plugin angular-compiler][0m

    src/app/shared/components/message-box/message-box.ts:11:8:
[37m      11 │ message=[32minput[37m ¿Estas seguro de realizar esta accion?");
         ╵         [32m~~~~~[0m

  'oninput' is declared here.

    node_modules/typescript/lib/lib.dom.d.ts:43888:12:
[37m      43888 │ declare var [32moninput[37m: ((this: Window, ev: InputEvent) => any) | ...
            ╵             [32m~~~~~~~[0m


[31mX [41;31m[[41;97mERROR[41;31m][0m [1mTS1127: Invalid character.[0m [1m[35m[plugin angular-compiler][0m

    src/app/shared/components/message-box/message-box.ts:11:14:
[37m      11 │ message=input [32m�[37m�Estas seguro de realizar esta accion?");
         ╵               [32m^[0m


[31mX [41;31m[[41;97mERROR[41;31m][0m [1mTS1434: Unexpected keyword or identifier.[0m [1m[35m[plugin angular-compiler][0m

    src/app/shared/components/message-box/message-box.ts:11:15:
[37m      11 │ message=input �[32m�Esta[37ms seguro de realizar esta accion?");
         ╵                [32m~~~~~[0m


[31mX [41;31m[[41;97mERROR[41;31m][0m [1mTS7008: Member 'Estas' implicitly has an 'any' type.[0m [1m[35m[plugin angular-compiler][0m

    src/app/shared/components/message-box/message-box.ts:11:15:
[37m      11 │ message=input �[32m�Esta[37ms seguro de realizar esta accion?");
         ╵                [32m~~~~~[0m


[31mX [41;31m[[41;97mERROR[41;31m][0m [1mTS1434: Unexpected keyword or identifier.[0m [1m[35m[plugin angular-compiler][0m

    src/app/shared/components/message-box/message-box.ts:11:21:
[37m      11 │ message=input ¿Estas[32m segur[37mo de realizar esta accion?");
         ╵                     [32m~~~~~~[0m


[31mX [41;31m[[41;97mERROR[41;31m][0m [1mTS7008: Member 'seguro' implicitly has an 'any' type.[0m [1m[35m[plugin angular-compiler][0m

    src/app/shared/components/message-box/message-box.ts:11:21:
[37m      11 │ message=input ¿Estas[32m segur[37mo de realizar esta accion?");
         ╵                     [32m~~~~~~[0m


[31mX [41;31m[[41;97mERROR[41;31m][0m [1mTS1434: Unexpected keyword or identifier.[0m [1m[35m[plugin angular-compiler][0m

    src/app/shared/components/message-box/message-box.ts:11:28:
[37m      11 │ message=input ¿Estas seguro[32m d[37me realizar esta accion?");
         ╵                            [32m~~[0m


[31mX [41;31m[[41;97mERROR[41;31m][0m [1mTS7008: Member 'de' implicitly has an 'any' type.[0m [1m[35m[plugin angular-compiler][0m

    src/app/shared/components/message-box/message-box.ts:11:28:
[37m      11 │ message=input ¿Estas seguro[32m d[37me realizar esta accion?");
         ╵                            [32m~~[0m


[31mX [41;31m[[41;97mERROR[41;31m][0m [1mTS1434: Unexpected keyword or identifier.[0m [1m[35m[plugin angular-compiler][0m

    src/app/shared/components/message-box/message-box.ts:11:31:
[37m      11 │ message=input ¿Estas seguro de[32m realiza[37mr esta accion?");
         ╵                               [32m~~~~~~~~[0m


[31mX [41;31m[[41;97mERROR[41;31m][0m [1mTS7008: Member 'realizar' implicitly has an 'any' type.[0m [1m[35m[plugin angular-compiler][0m

    src/app/shared/components/message-box/message-box.ts:11:31:
[37m      11 │ message=input ¿Estas seguro de[32m realiza[37mr esta accion?");
         ╵                               [32m~~~~~~~~[0m


[31mX [41;31m[[41;97mERROR[41;31m][0m [1mTS1434: Unexpected keyword or identifier.[0m [1m[35m[plugin angular-compiler][0m

    src/app/shared/components/message-box/message-box.ts:11:40:
[37m      11 │ message=input ¿Estas seguro de realizar[32m est[37ma accion?");
         ╵                                        [32m~~~~[0m


[31mX [41;31m[[41;97mERROR[41;31m][0m [1mTS7008: Member 'esta' implicitly has an 'any' type.[0m [1m[35m[plugin angular-compiler][0m

    src/app/shared/components/message-box/message-box.ts:11:40:
[37m      11 │ message=input ¿Estas seguro de realizar[32m est[37ma accion?");
         ╵                                        [32m~~~~[0m


[31mX [41;31m[[41;97mERROR[41;31m][0m [1mTS1434: Unexpected keyword or identifier.[0m [1m[35m[plugin angular-compiler][0m

    src/app/shared/components/message-box/message-box.ts:11:45:
[37m      11 │ message=input ¿Estas seguro de realizar esta[32m accio[37mn?");
         ╵                                             [32m~~~~~~[0m


[31mX [41;31m[[41;97mERROR[41;31m][0m [1mTS7008: Member 'accion' implicitly has an 'any' type.[0m [1m[35m[plugin angular-compiler][0m

    src/app/shared/components/message-box/message-box.ts:11:45:
[37m      11 │ message=input ¿Estas seguro de realizar esta[32m accio[37mn?");
         ╵                                             [32m~~~~~~[0m


[31mX [41;31m[[41;97mERROR[41;31m][0m [1mTS7008: Member '");' implicitly has an 'any' type.[0m [1m[35m[plugin angular-compiler][0m

    src/app/shared/components/message-box/message-box.ts:11:52:
[37m      11 │ message=input ¿Estas seguro de realizar esta accion[32m?")[37m;
         ╵                                                    [32m~~~[0m


[31mX [41;31m[[41;97mERROR[41;31m][0m [1mTS1002: Unterminated string literal.[0m [1m[35m[plugin angular-compiler][0m

    src/app/shared/components/message-box/message-box.ts:11:55:
[37m      11 │ message=input ¿Estas seguro de realizar esta accion?")[32m[37m;
         ╵                                                       [32m^[0m


[31mX [41;31m[[41;97mERROR[41;31m][0m [1mTS2552: Cannot find name 'input'. Did you mean 'oninput'?[0m [1m[35m[plugin angular-compiler][0m

    src/app/shared/components/message-box/message-box.ts:12:12:
[37m      12 │ confirmtext=[32minput[37m ("Confirmar")
         ╵             [32m~~~~~[0m

  'oninput' is declared here.

    node_modules/typescript/lib/lib.dom.d.ts:43888:12:
[37m      43888 │ declare var [32moninput[37m: ((this: Window, ev: InputEvent) => any) | ...
            ╵             [32m~~~~~~~[0m


[31mX [41;31m[[41;97mERROR[41;31m][0m [1mTS2552: Cannot find name 'input'. Did you mean 'oninput'?[0m [1m[35m[plugin angular-compiler][0m

    src/app/shared/components/message-box/message-box.ts:13:11:
[37m      13 │ canceltext=[32minput[37m("Cancelar");
         ╵            [32m~~~~~[0m

  'oninput' is declared here.

    node_modules/typescript/lib/lib.dom.d.ts:43888:12:
[37m      43888 │ declare var [32moninput[37m: ((this: Window, ev: InputEvent) => any) | ...
            ╵             [32m~~~~~~~[0m


[31mX [41;31m[[41;97mERROR[41;31m][0m [1mTS2304: Cannot find name 'output'.[0m [1m[35m[plugin angular-compiler][0m

    src/app/shared/components/message-box/message-box.ts:15:8:
[37m      15 │ confirm=[32moutput[37m<void>();
         ╵         [32m~~~~~~[0m


[31mX [41;31m[[41;97mERROR[41;31m][0m [1mTS2304: Cannot find name 'output'.[0m [1m[35m[plugin angular-compiler][0m

    src/app/shared/components/message-box/message-box.ts:16:9:
[37m      16 │ cancelar=[32moutput[37m<void>();
         ╵          [32m~~~~~~[0m


[33m▲ [43;33m[[43;30mWARNING[43;33m][0m [1mNG8113: All imports are unused[0m [1m[35m[plugin angular-compiler][0m

    src/app/app.ts:6:2:
[37m      6 │   [32mimports[37m: [RouterOutlet],
        ╵   [32m~~~~~~~[0m


[31mX [41;31m[[41;97mERROR[41;31m][0m [1mNG5002: Unexpected closing tag "router-oulet". It may happen when the tag has already been closed by another tag. For more info see https://www.w3.org/TR/html5/syntax.html#closing-elements-that-have-implied-end-tags[0m [1m[35m[plugin angular-compiler][0m

    src/app/app.html:0:0:
[37m      0 │ [32m[37m
        ╵ [32m^[0m

  Error occurs in the template of component App.

    src/app/app.ts:7:15:
[37m      7 │   templateUrl: [32m'./app.html'[37m,
        ╵                [32m~~~~~~~~~~~~[0m


[31mX [41;31m[[41;97mERROR[41;31m][0m [1mTS2552: Cannot find name 'input'. Did you mean 'oninput'?[0m [1m[35m[plugin angular-compiler][0m

    src/app/shared/components/message-box/message-box.ts:10:7:
[37m      10 │ tittle=[32minput[37m('confirmar accion');
         ╵        [32m~~~~~[0m

  'oninput' is declared here.

    node_modules/typescript/lib/lib.dom.d.ts:43888:12:
[37m      43888 │ declare var [32moninput[37m: ((this: Window, ev: InputEvent) => any) | ...
            ╵             [32m~~~~~~~[0m


[31mX [41;31m[[41;97mERROR[41;31m][0m [1mTS2552: Cannot find name 'input'. Did you mean 'oninput'?[0m [1m[35m[plugin angular-compiler][0m

    src/app/shared/components/message-box/message-box.ts:11:8:
[37m      11 │ message=[32minput[37m¿Estas seguro de realizar esta accion?");
         ╵         [32m~~~~~[0m

  'oninput' is declared here.

    node_modules/typescript/lib/lib.dom.d.ts:43888:12:
[37m      43888 │ declare var [32moninput[37m: ((this: Window, ev: InputEvent) => any) | ...
            ╵             [32m~~~~~~~[0m


[31mX [41;31m[[41;97mERROR[41;31m][0m [1mTS1127: Invalid character.[0m [1m[35m[plugin angular-compiler][0m

    src/app/shared/components/message-box/message-box.ts:11:13:
[37m      11 │ message=input[32m�[37m�Estas seguro de realizar esta accion?");
         ╵              [32m^[0m


[31mX [41;31m[[41;97mERROR[41;31m][0m [1mTS1434: Unexpected keyword or identifier.[0m [1m[35m[plugin angular-compiler][0m

    src/app/shared/components/message-box/message-box.ts:11:14:
[37m      11 │ message=input�[32m�Esta[37ms seguro de realizar esta accion?");
         ╵               [32m~~~~~[0m


[31mX [41;31m[[41;97mERROR[41;31m][0m [1mTS7008: Member 'Estas' implicitly has an 'any' type.[0m [1m[35m[plugin angular-compiler][0m

    src/app/shared/components/message-box/message-box.ts:11:14:
[37m      11 │ message=input�[32m�Esta[37ms seguro de realizar esta accion?");
         ╵               [32m~~~~~[0m


[31mX [41;31m[[41;97mERROR[41;31m][0m [1mTS1434: Unexpected keyword or identifier.[0m [1m[35m[plugin angular-compiler][0m

    src/app/shared/components/message-box/message-box.ts:11:20:
[37m      11 │ message=input¿Estas[32m segur[37mo de realizar esta accion?");
         ╵                    [32m~~~~~~[0m


[31mX [41;31m[[41;97mERROR[41;31m][0m [1mTS7008: Member 'seguro' implicitly has an 'any' type.[0m [1m[35m[plugin angular-compiler][0m

    src/app/shared/components/message-box/message-box.ts:11:20:
[37m      11 │ message=input¿Estas[32m segur[37mo de realizar esta accion?");
         ╵                    [32m~~~~~~[0m


[31mX [41;31m[[41;97mERROR[41;31m][0m [1mTS1434: Unexpected keyword or identifier.[0m [1m[35m[plugin angular-compiler][0m

    src/app/shared/components/message-box/message-box.ts:11:27:
[37m      11 │ message=input¿Estas seguro[32m d[37me realizar esta accion?");
         ╵                           [32m~~[0m


[31mX [41;31m[[41;97mERROR[41;31m][0m [1mTS7008: Member 'de' implicitly has an 'any' type.[0m [1m[35m[plugin angular-compiler][0m

    src/app/shared/components/message-box/message-box.ts:11:27:
[37m      11 │ message=input¿Estas seguro[32m d[37me realizar esta accion?");
         ╵                           [32m~~[0m


[31mX [41;31m[[41;97mERROR[41;31m][0m [1mTS1434: Unexpected keyword or identifier.[0m [1m[35m[plugin angular-compiler][0m

    src/app/shared/components/message-box/message-box.ts:11:30:
[37m      11 │ message=input¿Estas seguro de[32m realiza[37mr esta accion?");
         ╵                              [32m~~~~~~~~[0m


[31mX [41;31m[[41;97mERROR[41;31m][0m [1mTS7008: Member 'realizar' implicitly has an 'any' type.[0m [1m[35m[plugin angular-compiler][0m

    src/app/shared/components/message-box/message-box.ts:11:30:
[37m      11 │ message=input¿Estas seguro de[32m realiza[37mr esta accion?");
         ╵                              [32m~~~~~~~~[0m


[31mX [41;31m[[41;97mERROR[41;31m][0m [1mTS1434: Unexpected keyword or identifier.[0m [1m[35m[plugin angular-compiler][0m

    src/app/shared/components/message-box/message-box.ts:11:39:
[37m      11 │ message=input¿Estas seguro de realizar[32m est[37ma accion?");
         ╵                                       [32m~~~~[0m


[31mX [41;31m[[41;97mERROR[41;31m][0m [1mTS7008: Member 'esta' implicitly has an 'any' type.[0m [1m[35m[plugin angular-compiler][0m

    src/app/shared/components/message-box/message-box.ts:11:39:
[37m      11 │ message=input¿Estas seguro de realizar[32m est[37ma accion?");
         ╵                                       [32m~~~~[0m


[31mX [41;31m[[41;97mERROR[41;31m][0m [1mTS1434: Unexpected keyword or identifier.[0m [1m[35m[plugin angular-compiler][0m

    src/app/shared/components/message-box/message-box.ts:11:44:
[37m      11 │ message=input¿Estas seguro de realizar esta[32m accio[37mn?");
         ╵                                            [32m~~~~~~[0m


[31mX [41;31m[[41;97mERROR[41;31m][0m [1mTS7008: Member 'accion' implicitly has an 'any' type.[0m [1m[35m[plugin angular-compiler][0m

    src/app/shared/components/message-box/message-box.ts:11:44:
[37m      11 │ message=input¿Estas seguro de realizar esta[32m accio[37mn?");
         ╵                                            [32m~~~~~~[0m


[31mX [41;31m[[41;97mERROR[41;31m][0m [1mTS7008: Member '");' implicitly has an 'any' type.[0m [1m[35m[plugin angular-compiler][0m

    src/app/shared/components/message-box/message-box.ts:11:51:
[37m      11 │ message=input¿Estas seguro de realizar esta accion[32m?")[37m;
         ╵                                                   [32m~~~[0m


[31mX [41;31m[[41;97mERROR[41;31m][0m [1mTS1002: Unterminated string literal.[0m [1m[35m[plugin angular-compiler][0m

    src/app/shared/components/message-box/message-box.ts:11:54:
[37m      11 │ message=input¿Estas seguro de realizar esta accion?")[32m[37m;
         ╵                                                      [32m^[0m


[31mX [41;31m[[41;97mERROR[41;31m][0m [1mTS2552: Cannot find name 'input'. Did you mean 'oninput'?[0m [1m[35m[plugin angular-compiler][0m

    src/app/shared/components/message-box/message-box.ts:12:12:
[37m      12 │ confirmtext=[32minput[37m ("Confirmar")
         ╵             [32m~~~~~[0m

  'oninput' is declared here.

    node_modules/typescript/lib/lib.dom.d.ts:43888:12:
[37m      43888 │ declare var [32moninput[37m: ((this: Window, ev: InputEvent) => any) | ...
            ╵             [32m~~~~~~~[0m


[31mX [41;31m[[41;97mERROR[41;31m][0m [1mTS2552: Cannot find name 'input'. Did you mean 'oninput'?[0m [1m[35m[plugin angular-compiler][0m

    src/app/shared/components/message-box/message-box.ts:13:11:
[37m      13 │ canceltext=[32minput[37m("Cancelar");
         ╵            [32m~~~~~[0m

  'oninput' is declared here.

    node_modules/typescript/lib/lib.dom.d.ts:43888:12:
[37m      43888 │ declare var [32moninput[37m: ((this: Window, ev: InputEvent) => any) | ...
            ╵             [32m~~~~~~~[0m


[31mX [41;31m[[41;97mERROR[41;31m][0m [1mTS2304: Cannot find name 'output'.[0m [1m[35m[plugin angular-compiler][0m

    src/app/shared/components/message-box/message-box.ts:15:8:
[37m      15 │ confirm=[32moutput[37m<void>();
         ╵         [32m~~~~~~[0m


[31mX [41;31m[[41;97mERROR[41;31m][0m [1mTS2304: Cannot find name 'output'.[0m [1m[35m[plugin angular-compiler][0m

    src/app/shared/components/message-box/message-box.ts:16:9:
[37m      16 │ cancelar=[32moutput[37m<void>();
         ╵          [32m~~~~~~[0m


[33m▲ [43;33m[[43;30mWARNING[43;33m][0m [1mNG8113: All imports are unused[0m [1m[35m[plugin angular-compiler][0m

    src/app/app.ts:6:2:
[37m      6 │   [32mimports[37m: [RouterOutlet],
        ╵   [32m~~~~~~~[0m


[31mX [41;31m[[41;97mERROR[41;31m][0m [1mNG5002: Unexpected closing tag "router-oulet". It may happen when the tag has already been closed by another tag. For more info see https://www.w3.org/TR/html5/syntax.html#closing-elements-that-have-implied-end-tags[0m [1m[35m[plugin angular-compiler][0m

    src/app/app.html:0:0:
[37m      0 │ [32m[37m
        ╵ [32m^[0m

  Error occurs in the template of component App.

    src/app/app.ts:7:15:
[37m      7 │   templateUrl: [32m'./app.html'[37m,
        ╵                [32m~~~~~~~~~~~~[0m


[31mX [41;31m[[41;97mERROR[41;31m][0m [1mTS2552: Cannot find name 'input'. Did you mean 'oninput'?[0m [1m[35m[plugin angular-compiler][0m

    src/app/shared/components/message-box/message-box.ts:10:7:
[37m      10 │ tittle=[32minput[37m('confirmar accion');
         ╵        [32m~~~~~[0m

  'oninput' is declared here.

    node_modules/typescript/lib/lib.dom.d.ts:43888:12:
[37m      43888 │ declare var [32moninput[37m: ((this: Window, ev: InputEvent) => any) | ...
            ╵             [32m~~~~~~~[0m


[31mX [41;31m[[41;97mERROR[41;31m][0m [1mTS2552: Cannot find name 'input'. Did you mean 'oninput'?[0m [1m[35m[plugin angular-compiler][0m

    src/app/shared/components/message-box/message-box.ts:11:8:
[37m      11 │ message=[32minput[37m(¿Estas seguro de realizar esta accion?");
         ╵         [32m~~~~~[0m

  'oninput' is declared here.

    node_modules/typescript/lib/lib.dom.d.ts:43888:12:
[37m      43888 │ declare var [32moninput[37m: ((this: Window, ev: InputEvent) => any) | ...
            ╵             [32m~~~~~~~[0m


[31mX [41;31m[[41;97mERROR[41;31m][0m [1mTS1127: Invalid character.[0m [1m[35m[plugin angular-compiler][0m

    src/app/shared/components/message-box/message-box.ts:11:14:
[37m      11 │ message=input([32m�[37m�Estas seguro de realizar esta accion?");
         ╵               [32m^[0m


[31mX [41;31m[[41;97mERROR[41;31m][0m [1mTS2304: Cannot find name 'Estas'.[0m [1m[35m[plugin angular-compiler][0m

    src/app/shared/components/message-box/message-box.ts:11:15:
[37m      11 │ message=input(�[32m�Esta[37ms seguro de realizar esta accion?");
         ╵                [32m~~~~~[0m


[31mX [41;31m[[41;97mERROR[41;31m][0m [1mTS1005: ',' expected.[0m [1m[35m[plugin angular-compiler][0m

    src/app/shared/components/message-box/message-box.ts:11:21:
[37m      11 │ message=input(¿Estas[32m segur[37mo de realizar esta accion?");
         ╵                     [32m~~~~~~[0m


[31mX [41;31m[[41;97mERROR[41;31m][0m [1mTS2304: Cannot find name 'seguro'.[0m [1m[35m[plugin angular-compiler][0m

    src/app/shared/components/message-box/message-box.ts:11:21:
[37m      11 │ message=input(¿Estas[32m segur[37mo de realizar esta accion?");
         ╵                     [32m~~~~~~[0m


[31mX [41;31m[[41;97mERROR[41;31m][0m [1mTS1005: ',' expected.[0m [1m[35m[plugin angular-compiler][0m

    src/app/shared/components/message-box/message-box.ts:11:28:
[37m      11 │ message=input(¿Estas seguro[32m d[37me realizar esta accion?");
         ╵                            [32m~~[0m


[31mX [41;31m[[41;97mERROR[41;31m][0m [1mTS2304: Cannot find name 'de'.[0m [1m[35m[plugin angular-compiler][0m

    src/app/shared/components/message-box/message-box.ts:11:28:
[37m      11 │ message=input(¿Estas seguro[32m d[37me realizar esta accion?");
         ╵                            [32m~~[0m


[31mX [41;31m[[41;97mERROR[41;31m][0m [1mTS1005: ',' expected.[0m [1m[35m[plugin angular-compiler][0m

    src/app/shared/components/message-box/message-box.ts:11:31:
[37m      11 │ message=input(¿Estas seguro de[32m realiza[37mr esta accion?");
         ╵                               [32m~~~~~~~~[0m


[31mX [41;31m[[41;97mERROR[41;31m][0m [1mTS2304: Cannot find name 'realizar'.[0m [1m[35m[plugin angular-compiler][0m

    src/app/shared/components/message-box/message-box.ts:11:31:
[37m      11 │ message=input(¿Estas seguro de[32m realiza[37mr esta accion?");
         ╵                               [32m~~~~~~~~[0m


[31mX [41;31m[[41;97mERROR[41;31m][0m [1mTS1005: ',' expected.[0m [1m[35m[plugin angular-compiler][0m

    src/app/shared/components/message-box/message-box.ts:11:40:
[37m      11 │ message=input(¿Estas seguro de realizar[32m est[37ma accion?");
         ╵                                        [32m~~~~[0m


[31mX [41;31m[[41;97mERROR[41;31m][0m [1mTS2304: Cannot find name 'esta'.[0m [1m[35m[plugin angular-compiler][0m

    src/app/shared/components/message-box/message-box.ts:11:40:
[37m      11 │ message=input(¿Estas seguro de realizar[32m est[37ma accion?");
         ╵                                        [32m~~~~[0m


[31mX [41;31m[[41;97mERROR[41;31m][0m [1mTS1005: ',' expected.[0m [1m[35m[plugin angular-compiler][0m

    src/app/shared/components/message-box/message-box.ts:11:45:
[37m      11 │ message=input(¿Estas seguro de realizar esta[32m accio[37mn?");
         ╵                                             [32m~~~~~~[0m


[31mX [41;31m[[41;97mERROR[41;31m][0m [1mTS2304: Cannot find name 'accion'.[0m [1m[35m[plugin angular-compiler][0m

    src/app/shared/components/message-box/message-box.ts:11:45:
[37m      11 │ message=input(¿Estas seguro de realizar esta[32m accio[37mn?");
         ╵                                             [32m~~~~~~[0m


[31mX [41;31m[[41;97mERROR[41;31m][0m [1mTS1002: Unterminated string literal.[0m [1m[35m[plugin angular-compiler][0m

    src/app/shared/components/message-box/message-box.ts:11:55:
[37m      11 │ message=input(¿Estas seguro de realizar esta accion?")[32m[37m;
         ╵                                                       [32m^[0m


[31mX [41;31m[[41;97mERROR[41;31m][0m [1mTS1005: ':' expected.[0m [1m[35m[plugin angular-compiler][0m

    src/app/shared/components/message-box/message-box.ts:12:0:
[37m      12 │ [32mconfirmtext[37m=input ("Confirmar")
         ╵ [32m~~~~~~~~~~~[0m


[31mX [41;31m[[41;97mERROR[41;31m][0m [1mTS2304: Cannot find name 'confirmtext'.[0m [1m[35m[plugin angular-compiler][0m

    src/app/shared/components/message-box/message-box.ts:12:0:
[37m      12 │ [32mconfirmtext[37m=input ("Confirmar")
         ╵ [32m~~~~~~~~~~~[0m


[31mX [41;31m[[41;97mERROR[41;31m][0m [1mTS2552: Cannot find name 'input'. Did you mean 'oninput'?[0m [1m[35m[plugin angular-compiler][0m

    src/app/shared/components/message-box/message-box.ts:12:12:
[37m      12 │ confirmtext=[32minput[37m ("Confirmar")
         ╵             [32m~~~~~[0m

  'oninput' is declared here.

    node_modules/typescript/lib/lib.dom.d.ts:43888:12:
[37m      43888 │ declare var [32moninput[37m: ((this: Window, ev: InputEvent) => any) | ...
            ╵             [32m~~~~~~~[0m


[31mX [41;31m[[41;97mERROR[41;31m][0m [1mTS1005: ',' expected.[0m [1m[35m[plugin angular-compiler][0m

    src/app/shared/components/message-box/message-box.ts:13:0:
[37m      13 │ [32mcanceltext[37m=input("Cancelar");
         ╵ [32m~~~~~~~~~~[0m


[31mX [41;31m[[41;97mERROR[41;31m][0m [1mTS2304: Cannot find name 'canceltext'.[0m [1m[35m[plugin angular-compiler][0m

    src/app/shared/components/message-box/message-box.ts:13:0:
[37m      13 │ [32mcanceltext[37m=input("Cancelar");
         ╵ [32m~~~~~~~~~~[0m


[31mX [41;31m[[41;97mERROR[41;31m][0m [1mTS2304: Cannot find name 'input'.[0m [1m[35m[plugin angular-compiler][0m

    src/app/shared/components/message-box/message-box.ts:13:11:
[37m      13 │ canceltext=[32minput[37m("Cancelar");
         ╵            [32m~~~~~[0m


[31mX [41;31m[[41;97mERROR[41;31m][0m [1mTS1005: ')' expected.[0m [1m[35m[plugin angular-compiler][0m

    src/app/shared/components/message-box/message-box.ts:13:28:
[37m      13 │ canceltext=input("Cancelar")[32m;[37m
         ╵                             [32m^[0m


[31mX [41;31m[[41;97mERROR[41;31m][0m [1mTS2304: Cannot find name 'output'.[0m [1m[35m[plugin angular-compiler][0m

    src/app/shared/components/message-box/message-box.ts:15:8:
[37m      15 │ confirm=[32moutput[37m<void>();
         ╵         [32m~~~~~~[0m


[31mX [41;31m[[41;97mERROR[41;31m][0m [1mTS2304: Cannot find name 'output'.[0m [1m[35m[plugin angular-compiler][0m

    src/app/shared/components/message-box/message-box.ts:16:9:
[37m      16 │ cancelar=[32moutput[37m<void>();
         ╵          [32m~~~~~~[0m


[33m▲ [43;33m[[43;30mWARNING[43;33m][0m [1mNG8113: All imports are unused[0m [1m[35m[plugin angular-compiler][0m

    src/app/app.ts:6:2:
[37m      6 │   [32mimports[37m: [RouterOutlet],
        ╵   [32m~~~~~~~[0m


[31mX [41;31m[[41;97mERROR[41;31m][0m [1mNG5002: Unexpected closing tag "router-oulet". It may happen when the tag has already been closed by another tag. For more info see https://www.w3.org/TR/html5/syntax.html#closing-elements-that-have-implied-end-tags[0m [1m[35m[plugin angular-compiler][0m

    src/app/app.html:0:0:
[37m      0 │ [32m[37m
        ╵ [32m^[0m

  Error occurs in the template of component App.

    src/app/app.ts:7:15:
[37m      7 │   templateUrl: [32m'./app.html'[37m,
        ╵                [32m~~~~~~~~~~~~[0m


[31mX [41;31m[[41;97mERROR[41;31m][0m [1mTS2552: Cannot find name 'input'. Did you mean 'oninput'?[0m [1m[35m[plugin angular-compiler][0m

    src/app/shared/components/message-box/message-box.ts:10:7:
[37m      10 │ tittle=[32minput[37m('confirmar accion');
         ╵        [32m~~~~~[0m

  'oninput' is declared here.

    node_modules/typescript/lib/lib.dom.d.ts:43888:12:
[37m      43888 │ declare var [32moninput[37m: ((this: Window, ev: InputEvent) => any) | ...
            ╵             [32m~~~~~~~[0m


[31mX [41;31m[[41;97mERROR[41;31m][0m [1mTS2552: Cannot find name 'input'. Did you mean 'oninput'?[0m [1m[35m[plugin angular-compiler][0m

    src/app/shared/components/message-box/message-box.ts:11:8:
[37m      11 │ message=[32minput[37m('¿Estas seguro de realizar esta accion?');
         ╵         [32m~~~~~[0m

  'oninput' is declared here.

    node_modules/typescript/lib/lib.dom.d.ts:43888:12:
[37m      43888 │ declare var [32moninput[37m: ((this: Window, ev: InputEvent) => any) | ...
            ╵             [32m~~~~~~~[0m


[31mX [41;31m[[41;97mERROR[41;31m][0m [1mTS2552: Cannot find name 'input'. Did you mean 'oninput'?[0m [1m[35m[plugin angular-compiler][0m

    src/app/shared/components/message-box/message-box.ts:12:12:
[37m      12 │ confirmtext=[32minput[37m ("Confirmar")
         ╵             [32m~~~~~[0m

  'oninput' is declared here.

    node_modules/typescript/lib/lib.dom.d.ts:43888:12:
[37m      43888 │ declare var [32moninput[37m: ((this: Window, ev: InputEvent) => any) | ...
            ╵             [32m~~~~~~~[0m


[31mX [41;31m[[41;97mERROR[41;31m][0m [1mTS2552: Cannot find name 'input'. Did you mean 'oninput'?[0m [1m[35m[plugin angular-compiler][0m

    src/app/shared/components/message-box/message-box.ts:13:11:
[37m      13 │ canceltext=[32minput[37m("Cancelar");
         ╵            [32m~~~~~[0m

  'oninput' is declared here.

    node_modules/typescript/lib/lib.dom.d.ts:43888:12:
[37m      43888 │ declare var [32moninput[37m: ((this: Window, ev: InputEvent) => any) | ...
            ╵             [32m~~~~~~~[0m


[31mX [41;31m[[41;97mERROR[41;31m][0m [1mTS2304: Cannot find name 'output'.[0m [1m[35m[plugin angular-compiler][0m

    src/app/shared/components/message-box/message-box.ts:15:8:
[37m      15 │ confirm=[32moutput[37m<void>();
         ╵         [32m~~~~~~[0m


[31mX [41;31m[[41;97mERROR[41;31m][0m [1mTS2304: Cannot find name 'output'.[0m [1m[35m[plugin angular-compiler][0m

    src/app/shared/components/message-box/message-box.ts:16:9:
[37m      16 │ cancelar=[32moutput[37m<void>();
         ╵          [32m~~~~~~[0m


[33m▲ [43;33m[[43;30mWARNING[43;33m][0m [1mNG8113: All imports are unused[0m [1m[35m[plugin angular-compiler][0m

    src/app/app.ts:6:2:
[37m      6 │   [32mimports[37m: [RouterOutlet],
        ╵   [32m~~~~~~~[0m


[31mX [41;31m[[41;97mERROR[41;31m][0m [1mNG5002: Unexpected closing tag "router-oulet". It may happen when the tag has already been closed by another tag. For more info see https://www.w3.org/TR/html5/syntax.html#closing-elements-that-have-implied-end-tags[0m [1m[35m[plugin angular-compiler][0m

    src/app/app.html:0:0:
[37m      0 │ [32m[37m
        ╵ [32m^[0m

  Error occurs in the template of component App.

    src/app/app.ts:7:15:
[37m      7 │   templateUrl: [32m'./app.html'[37m,
        ╵                [32m~~~~~~~~~~~~[0m


[31mX [41;31m[[41;97mERROR[41;31m][0m [1mTS2552: Cannot find name 'input'. Did you mean 'oninput'?[0m [1m[35m[plugin angular-compiler][0m

    src/app/shared/components/message-box/message-box.ts:10:7:
[37m      10 │ tittle=[32minput[37m('confirmar accion');
         ╵        [32m~~~~~[0m

  'oninput' is declared here.

    node_modules/typescript/lib/lib.dom.d.ts:43888:12:
[37m      43888 │ declare var [32moninput[37m: ((this: Window, ev: InputEvent) => any) | ...
            ╵             [32m~~~~~~~[0m


[31mX [41;31m[[41;97mERROR[41;31m][0m [1mTS2552: Cannot find name 'input'. Did you mean 'oninput'?[0m [1m[35m[plugin angular-compiler][0m

    src/app/shared/components/message-box/message-box.ts:11:8:
[37m      11 │ message=[32minput[37m('¿Estas seguro de realizar esta accion?');
         ╵         [32m~~~~~[0m

  'oninput' is declared here.

    node_modules/typescript/lib/lib.dom.d.ts:43888:12:
[37m      43888 │ declare var [32moninput[37m: ((this: Window, ev: InputEvent) => any) | ...
            ╵             [32m~~~~~~~[0m


[31mX [41;31m[[41;97mERROR[41;31m][0m [1mTS2552: Cannot find name 'input'. Did you mean 'oninput'?[0m [1m[35m[plugin angular-compiler][0m

    src/app/shared/components/message-box/message-box.ts:12:12:
[37m      12 │ confirmtext=[32minput[37m ("Confirmar")
         ╵             [32m~~~~~[0m

  'oninput' is declared here.

    node_modules/typescript/lib/lib.dom.d.ts:43888:12:
[37m      43888 │ declare var [32moninput[37m: ((this: Window, ev: InputEvent) => any) | ...
            ╵             [32m~~~~~~~[0m


[31mX [41;31m[[41;97mERROR[41;31m][0m [1mTS2552: Cannot find name 'input'. Did you mean 'oninput'?[0m [1m[35m[plugin angular-compiler][0m

    src/app/shared/components/message-box/message-box.ts:13:11:
[37m      13 │ canceltext=[32minput[37m("Cancelar");
         ╵            [32m~~~~~[0m

  'oninput' is declared here.

    node_modules/typescript/lib/lib.dom.d.ts:43888:12:
[37m      43888 │ declare var [32moninput[37m: ((this: Window, ev: InputEvent) => any) | ...
            ╵             [32m~~~~~~~[0m


[31mX [41;31m[[41;97mERROR[41;31m][0m [1mTS2304: Cannot find name 'output'.[0m [1m[35m[plugin angular-compiler][0m

    src/app/shared/components/message-box/message-box.ts:15:8:
[37m      15 │ confirm=[32moutput[37m<void>();
         ╵         [32m~~~~~~[0m


[31mX [41;31m[[41;97mERROR[41;31m][0m [1mTS2304: Cannot find name 'output'.[0m [1m[35m[plugin angular-compiler][0m

    src/app/shared/components/message-box/message-box.ts:16:9:
[37m      16 │ cancelar=[32moutput[37m<void>();
         ╵          [32m~~~~~~[0m


[33m▲ [43;33m[[43;30mWARNING[43;33m][0m [1mNG8113: All imports are unused[0m [1m[35m[plugin angular-compiler][0m

    src/app/app.ts:6:2:
[37m      6 │   [32mimports[37m: [RouterOutlet],
        ╵   [32m~~~~~~~[0m


[31mX [41;31m[[41;97mERROR[41;31m][0m [1mNG5002: Unexpected closing tag "router-oulet". It may happen when the tag has already been closed by another tag. For more info see https://www.w3.org/TR/html5/syntax.html#closing-elements-that-have-implied-end-tags[0m [1m[35m[plugin angular-compiler][0m

    src/app/app.html:0:0:
[37m      0 │ [32m[37m
        ╵ [32m^[0m

  Error occurs in the template of component App.

    src/app/app.ts:7:15:
[37m      7 │   templateUrl: [32m'./app.html'[37m,
        ╵                [32m~~~~~~~~~~~~[0m


[31mX [41;31m[[41;97mERROR[41;31m][0m [1mTS2304: Cannot find name 'output'.[0m [1m[35m[plugin angular-compiler][0m

    src/app/shared/components/message-box/message-box.ts:15:8:
[37m      15 │ confirm=[32moutput[37m<void>();
         ╵         [32m~~~~~~[0m


[31mX [41;31m[[41;97mERROR[41;31m][0m [1mTS2304: Cannot find name 'output'.[0m [1m[35m[plugin angular-compiler][0m

    src/app/shared/components/message-box/message-box.ts:16:9:
[37m      16 │ cancelar=[32moutput[37m<void>();
         ╵          [32m~~~~~~[0m


[33m▲ [43;33m[[43;30mWARNING[43;33m][0m [1mNG8113: All imports are unused[0m [1m[35m[plugin angular-compiler][0m

    src/app/app.ts:6:2:
[37m      6 │   [32mimports[37m: [RouterOutlet],
        ╵   [32m~~~~~~~[0m


[31mX [41;31m[[41;97mERROR[41;31m][0m [1mNG5002: Unexpected closing tag "router-oulet". It may happen when the tag has already been closed by another tag. For more info see https://www.w3.org/TR/html5/syntax.html#closing-elements-that-have-implied-end-tags[0m [1m[35m[plugin angular-compiler][0m

    src/app/app.html:0:0:
[37m      0 │ [32m[37m
        ╵ [32m^[0m

  Error occurs in the template of component App.

    src/app/app.ts:7:15:
[37m      7 │   templateUrl: [32m'./app.html'[37m,
        ╵                [32m~~~~~~~~~~~~[0m


[33m▲ [43;33m[[43;30mWARNING[43;33m][0m [1mNG8113: All imports are unused[0m [1m[35m[plugin angular-compiler][0m

    src/app/app.ts:6:2:
[37m      6 │   [32mimports[37m: [RouterOutlet],
        ╵   [32m~~~~~~~[0m


[31mX [41;31m[[41;97mERROR[41;31m][0m [1mNG5002: Unexpected closing tag "router-oulet". It may happen when the tag has already been closed by another tag. For more info see https://www.w3.org/TR/html5/syntax.html#closing-elements-that-have-implied-end-tags[0m [1m[35m[plugin angular-compiler][0m

    src/app/app.html:0:0:
[37m      0 │ [32m[37m
        ╵ [32m^[0m

  Error occurs in the template of component App.

    src/app/app.ts:7:15:
[37m      7 │   templateUrl: [32m'./app.html'[37m,
        ╵                [32m~~~~~~~~~~~~[0m


[33m▲ [43;33m[[43;30mWARNING[43;33m][0m [1mNG8113: All imports are unused[0m [1m[35m[plugin angular-compiler][0m

    src/app/app.ts:6:2:
[37m      6 │   [32mimports[37m: [RouterOutlet],
        ╵   [32m~~~~~~~[0m


[31mX [41;31m[[41;97mERROR[41;31m][0m [1mNG5002: Unexpected closing tag "router-oulet". It may happen when the tag has already been closed by another tag. For more info see https://www.w3.org/TR/html5/syntax.html#closing-elements-that-have-implied-end-tags[0m [1m[35m[plugin angular-compiler][0m

    src/app/app.html:0:0:
[37m      0 │ [32m[37m
        ╵ [32m^[0m

  Error occurs in the template of component App.

    src/app/app.ts:7:15:
[37m      7 │   templateUrl: [32m'./app.html'[37m,
        ╵                [32m~~~~~~~~~~~~[0m


